place_id,name,lat,lng,type,term,categories,business_status,rating,user_ratings_total,permanently_closed
ChIJ__9vXfrb5ogR0TEXdu-_ELg,Six Power Covenant Prayer Keys,29.2220677,-81.0678241,Place of Worship,place of worship,church; place_of_worship; point_of_interest; establishment,OPERATIONAL,0,0,NA
ChIJ_4UUFBfa5ogR0JX6i-SPkow,Fountain Beach Resort Daytona Beach,29.2214372,-81.0047464,Park,fountain,lodging; point_of_interest; establishment,OPERATIONAL,4.1,1591,NA
ChIJ_4UUFBfa5ogRTLgQ2aS9SoY,Oasis Tiki Bar & Grill,29.2213256,-81.0051309,Park,fountain,bar; restaurant; point_of_interest; food; establishment,OPERATIONAL,4.5,421,NA
ChIJ_9tZHI3b5ogRP1nol-k7aYI,Iglesia Riqueszas En Glory,29.2370111,-81.0665758,Place of Worship,place of worship,church; place_of_worship; point_of_interest; establishment,OPERATIONAL,3,2,NA
ChIJ_b7b-2bZ5ogRzH8MxI4ix1M,Daytona State College,29.2022793,-81.0493762,Community Space,library,university; point_of_interest; establishment,OPERATIONAL,3.8,195,NA
ChIJ_bv74M3Z5ogRhZcz9k7UgQI,Gary's Choice Meats & Deli,29.16687439999999,-80.9993945,Social Business,cafe,cafe; food; point_of_interest; establishment,OPERATIONAL,5,1,NA
ChIJ_SflD7Tb5ogR021NIEyMQXE,Orphans Coffee,29.2380323,-81.036085,Social Business,cafe,cafe; store; food; point_of_interest; establishment,OPERATIONAL,0,0,NA
ChIJ_SflD7Tb5ogR021NIEyMQXE,Orphans Coffee,29.2380323,-81.036085,Social Business,cafe,cafe; store; point_of_interest; food; establishment,OPERATIONAL,0,0,NA
ChIJ_zJldFjc5ogRV6PTZw2tqBQ,Lowe's Garden Center,29.2609403,-81.1077023,Park,garden,point_of_interest; store; establishment,OPERATIONAL,3.9,65,NA
ChIJ-_kLFpzZ5ogRi5WwgHsQ52M,Walmart Patio & Garden Services,29.142239,-81.033269,Park,garden,general_contractor; point_of_interest; establishment,OPERATIONAL,0,0,NA
ChIJ-1lRGhra5ogRmY8AJ40cuzY,Sun Splash Park,29.2184652,-81.0038548,Park,park,park; tourist_attraction; point_of_interest; establishment,OPERATIONAL,4.5,4492,NA
ChIJ-1zvLtTf5ogRBu7xCp4-DZ8,Mosaic Residents Club,29.1861824,-81.1273671,Community Space,community center,point_of_interest; establishment,OPERATIONAL,4.8,6,NA
ChIJ-7rHNqjZ5ogRaf9o0n7WeO8,Walmart Garden Center,29.1725728,-81.03009089999999,Park,garden,general_contractor; furniture_store; home_goods_store; store; point_of_interest; establishment,OPERATIONAL,4.5,8,NA
ChIJ-b80jgvb5ogRBKhyXBAvXWc,Walgreens,29.2620593,-81.049719,Social Business,bookstore,drugstore; clothing_store; convenience_store; food; point_of_interest; health; store; establishment,OPERATIONAL,3.8,24,NA
ChIJ-b80jgvb5ogRBKhyXBAvXWc,Walgreens,29.2620593,-81.049719,Social Business,bookstore,drugstore; convenience_store; food; health; clothing_store; store; point_of_interest; establishment,OPERATIONAL,3.8,24,NA
ChIJ-w04Oa7b5ogRjRy561HQpGs,Sica Hall Community Center,29.24570319999999,-81.03853389999999,Community Space,community center,point_of_interest; establishment,OPERATIONAL,4.1,33,NA
ChIJ-w04Oa7b5ogRjRy561HQpGs,Sica Hall Community Center,29.24570319999999,-81.03853389999999,Community Space,city hall,point_of_interest; establishment,OPERATIONAL,4.1,33,NA
ChIJ-X6rsVbc5ogRwQZZkCFkv8I,Denny's,29.256189,-81.11376059999999,Social Business,cafe,restaurant; food; point_of_interest; establishment,OPERATIONAL,4.1,1777,NA
ChIJ-yjEG0fa5ogRBlYPQGIGpI0,Cafe Du Japon,29.2340037,-81.0164933,Social Business,cafe,art_gallery; cafe; restaurant; point_of_interest; food; establishment,OPERATIONAL,4.6,345,NA
ChIJ-yjEG0fa5ogRBlYPQGIGpI0,Cafe Du Japon,29.2340037,-81.0164933,Social Business,cafe,art_gallery; cafe; restaurant; food; point_of_interest; establishment,OPERATIONAL,4.6,345,NA
ChIJ0_lkDdjb5ogRkTWL7et2gW4,S. Cornelia Young Memorial Library,29.2199082,-81.00962539999999,Community Space,library,point_of_interest; establishment,OPERATIONAL,0,0,NA
ChIJ0_mstOTZ5ogRcRBrDYZpRo0,Connie's Bookshelf,29.195517,-80.993662,Social Business,bookstore,book_store; store; point_of_interest; establishment,OPERATIONAL,4.8,46,NA
ChIJ06iH0VXc5ogRUGzpDknua5k,Walmart Supercenter,29.2588481,-81.114685,Social Business,bookstore,department_store; hardware_store; bakery; grocery_or_supermarket; furniture_store; electronics_store; clothing_store; home_goods_store; store; food; point_of_interest; establishment,OPERATIONAL,3.9,6135,NA
ChIJ09FJb3vZ5ogROKxBQO5GZOE,Steak 'n Shake,29.2035971,-81.0405641,Social Business,cafe,restaurant; food; point_of_interest; establishment,OPERATIONAL,3.9,4629,NA
ChIJ15IewPTY5ogR1SXK6UJtRUM,Book Rack,29.1424809,-81.0366973,Social Business,bookstore,book_store; store; point_of_interest; establishment,OPERATIONAL,4.5,66,NA
ChIJ15m7j1TZ5ogRXnARhfRGZUQ,Global Prayer Center,29.2074477,-81.07291239999999,Place of Worship,place of worship,church; place_of_worship; point_of_interest; establishment,OPERATIONAL,4.9,10,NA
ChIJ1VEjz6Db5ogRsdzZG3iMH4A,"Eclectic Church, New Heights Community Church",29.254988,-81.0486663,Place of Worship,place of worship,place_of_worship; point_of_interest; establishment,OPERATIONAL,5,4,NA
ChIJ1VEjz6Db5ogRsdzZG3iMH4A,"Eclectic Church, New Heights Community Church",29.254988,-81.0486663,Community Space,community center,place_of_worship; point_of_interest; establishment,OPERATIONAL,5,4,NA
ChIJ1VJWIYfd5ogRIohF7iGn-EY,Barnes & Noble,29.2163057,-81.0950751,Social Business,bookstore,book_store; cafe; store; point_of_interest; food; establishment,OPERATIONAL,4.4,255,NA
ChIJ1xIV4Sfa5ogRfogv7GeuxH8,Special Gathering,29.2145789,-81.0205842,Place of Worship,place of worship,church; place_of_worship; point_of_interest; establishment,OPERATIONAL,0,0,NA
ChIJ1zZCylXc5ogRghEUdAOqqeU,Walmart Garden Center,29.2590219,-81.1134016,Park,garden,furniture_store; general_contractor; home_goods_store; point_of_interest; store; establishment,OPERATIONAL,4,1,NA
ChIJ20lesurZ5ogRkr7dXgodJcs,The Omelet House,29.186027,-81.009168,Social Business,cafe,restaurant; food; point_of_interest; establishment,CLOSED_TEMPORARILY,4.3,1005,TRUE
ChIJ29BBFyva5ogRxSatoF3Z0vI,Richard V. Moore Community Center,29.213177,-81.0296786,Community Space,community center,point_of_interest; establishment,CLOSED_TEMPORARILY,0,0,TRUE
ChIJ2TnpOLrb5ogRU_SGsq95pY8,Milt Hallman Memorial Park,29.2405838,-81.0441735,Park,park,park; point_of_interest; establishment,OPERATIONAL,3.8,9,NA
ChIJ2xZWOVfc5ogRZR2bN7y-0g4,Church,29.2562667,-81.110295,Place of Worship,place of worship,church; place_of_worship; point_of_interest; establishment,OPERATIONAL,5,1,NA
ChIJ2Zg9zo_Z5ogRK7Vzc_mwheg,New Birth Worship Center,29.1979769,-81.01779789999999,Place of Worship,place of worship,church; place_of_worship; point_of_interest; establishment,OPERATIONAL,4.6,10,NA
ChIJ35ufH8ff5ogR4AdMh4ZoccQ,Hickory Farms at International Speedway Square,29.1803045,-81.0826447,Park,square,grocery_or_supermarket; food; point_of_interest; store; establishment,CLOSED_TEMPORARILY,5,1,TRUE
ChIJ3f8BjfvY5ogR_1bz73MlO-A,CrossRoads,29.1582012,-81.0369224,Place of Worship,place of worship,church; place_of_worship; point_of_interest; establishment,OPERATIONAL,4.8,168,NA
ChIJ3U9F5cXZ5ogRsoyj_NTM2Uw,China Garden South Daytona,29.1738381,-81.0026331,Park,garden,meal_takeaway; meal_delivery; restaurant; point_of_interest; food; establishment,OPERATIONAL,3.9,312,NA
ChIJ3U9F5cXZ5ogRsoyj_NTM2Uw,China Garden South Daytona,29.1738381,-81.0026331,Park,garden,meal_delivery; meal_takeaway; restaurant; point_of_interest; food; establishment,OPERATIONAL,3.9,312,NA
ChIJ3VYzvLTb5ogRxiGfFFNuK2E,Polly's Tea Room,29.23751649999999,-81.032729,Social Business,cafe,cafe; food; point_of_interest; establishment,OPERATIONAL,4,23,NA
ChIJ3VYzvLTb5ogRxiGfFFNuK2E,Polly's Tea Room,29.23751649999999,-81.032729,Social Business,cafe,cafe; point_of_interest; food; establishment,OPERATIONAL,4,23,NA
ChIJ3y7Z1Lrd5ogRBrgB0-5qVVE,Riverbend Community Church,29.249884,-81.134912,Place of Worship,place of worship,church; place_of_worship; point_of_interest; establishment,OPERATIONAL,4.9,51,NA
ChIJ3y7Z1Lrd5ogRhMStAMt3qCs,Promise Land Enrichment Center,29.2501507,-81.1349836,Community Space,community center,point_of_interest; establishment,OPERATIONAL,5,1,NA
ChIJ3Zhc2Frd5ogRv-GT9omS50g,Sam's Club Cafe,29.2200216,-81.0985078,Social Business,cafe,cafe; meal_takeaway; restaurant; point_of_interest; food; establishment,OPERATIONAL,0,0,NA
ChIJ3Zhc2Frd5ogRv-GT9omS50g,Sam's Club Cafe,29.2200216,-81.0985078,Social Business,cafe,cafe; meal_takeaway; restaurant; food; point_of_interest; establishment,OPERATIONAL,0,0,NA
ChIJ4-8GFT3a5ogRsfcmjIPP4XU,Raven Daytona Church,29.2210218,-81.0109963,Place of Worship,place of worship,church; place_of_worship; point_of_interest; establishment,OPERATIONAL,4.3,6,NA
ChIJ40kJBujb5ogR-8mb_7SWxKM,YSG Cultural And Educational Center,29.2230752,-81.05407249999999,Community Space,community center,point_of_interest; establishment,OPERATIONAL,4.6,89,NA
ChIJ41jrYVPc5ogR4T0KgpzKgoY,McDonald's,29.2556806,-81.1180227,Social Business,cafe,cafe; store; restaurant; food; point_of_interest; establishment,OPERATIONAL,3.6,1864,NA
ChIJ41jrYVPc5ogR4T0KgpzKgoY,McDonald's,29.2556806,-81.1180227,Social Business,cafe,cafe; restaurant; store; food; point_of_interest; establishment,OPERATIONAL,3.6,1864,NA
ChIJ42PsK4LY5ogROrc_2p_LITs,Willow Run Park,29.1187434,-81.036933199999993,Park,park,park; tourist_attraction; point_of_interest; establishment,OPERATIONAL,4.3,70,NA
ChIJ4U4T9PLc5ogRVbFnY0aW0bs,Providence Church,29.2701199,-81.1000207,Place of Worship,place of worship,church; place_of_worship; point_of_interest; establishment,OPERATIONAL,4.8,34,NA
ChIJ4w9qRDTa5ogRLmgZ0N4pCqg,Shirley Heyman Park,29.2285113,-81.0276071,Park,park,park; point_of_interest; establishment,OPERATIONAL,5,1,NA
ChIJ4wdeuEXa5ogRLWP7I0S1_7Q,Seabreeze University Neighborhood Watch,29.2383904,-81.01651,Park,garden,store; point_of_interest; establishment,OPERATIONAL,0,0,NA
ChIJ4wdeuEXa5ogRLWP7I0S1_7Q,Seabreeze University Neighborhood Watch,29.2383904,-81.01651,Park,garden,point_of_interest; store; establishment,OPERATIONAL,0,0,NA
ChIJ56sUi8Lb5ogRwhC5vWcvENs,Magnolia Gardens,29.2252021,-81.051913,Park,garden,point_of_interest; health; establishment,OPERATIONAL,3.7,7,NA
ChIJ56sUi8Lb5ogRwhC5vWcvENs,Magnolia Gardens,29.2252021,-81.051913,Park,garden,health; point_of_interest; establishment,OPERATIONAL,3.7,7,NA
ChIJ59oWXM_Z5ogR1uKa4D8jNeo,Curb Appeal Hardscaping,29.1727302,-81.003014,Park,garden,general_contractor; store; point_of_interest; establishment,OPERATIONAL,4.4,15,NA
ChIJ5b4haUDa5ogR8-bUuR0sVNQ,Starlite Diner,29.2323071,-81.0110619,Social Business,cafe,restaurant; food; point_of_interest; establishment,OPERATIONAL,4.5,3542,NA
ChIJ5bcL7PnY5ogRnk-R7fOnijQ,Kingdom Hall of Jehovah's Witnesses,29.1534257,-81.0357861,Place of Worship,place of worship,church; place_of_worship; point_of_interest; establishment,OPERATIONAL,4.9,33,NA
ChIJ5ZRpFhfb5ogRsTyrc59h2T8,Downtown Daytona Live,29.2089845,-81.01812319999999,Social Business,cafe,cafe; food; point_of_interest; establishment,OPERATIONAL,5,7,NA
ChIJ6S1-Hiba5ogRQWlt74Lgz7s,Christian Science Reading Room,29.21349159999999,-81.02018009999999,Place of Worship,place of worship,church; place_of_worship; point_of_interest; establishment,OPERATIONAL,5,1,NA
ChIJ6VMx3CDa5ogRBReHRaUd_VY,Volusia County Law Library,29.2106893,-81.0137962,Community Space,library,library; point_of_interest; establishment,OPERATIONAL,4.2,5,NA
ChIJ6x8eJCva5ogRX37AK12-jHQ,Tubman-King Community Church,29.212823,-81.03028499999999,Place of Worship,place of worship,church; place_of_worship; point_of_interest; establishment,OPERATIONAL,0,0,NA
ChIJ6XJiOE7Y5ogRqK97-S_idfc,Hannah's Family Diner,29.15494069999999,-81.0194701,Social Business,cafe,restaurant; food; point_of_interest; establishment,OPERATIONAL,4.6,947,NA
ChIJ6xlh0IXb5ogRyYRP11Bs2H0,Iglesia Riquezas En Gloria A/G,29.2370201,-81.0664532,Place of Worship,place of worship,church; place_of_worship; point_of_interest; establishment,OPERATIONAL,0,0,NA
ChIJ6Z9z1Sfa5ogRJG3Zm7BFMjs,Daytona Books & Metaphysics,29.2117233,-81.02026289999999,Social Business,bookstore,store; point_of_interest; establishment,OPERATIONAL,4.1,157,NA
ChIJ7-vlcIjZ5ogRbJezK9IAet8,Daytona Beach City Hall,29.2072447,-81.0197377,Community Space,city hall,city_hall; local_government_office; point_of_interest; establishment,OPERATIONAL,3.6,22,NA
ChIJ7-vlcIjZ5ogRfGKDtJhH0D0,Daytona Beach Development Services,29.2072266,-81.0197814,Community Space,city hall,local_government_office; point_of_interest; establishment,OPERATIONAL,0,0,NA
ChIJ7-vlcIjZ5ogRHvnNtYXS6so,City Clerk Office,29.2068667,-81.0200917,Community Space,city hall,local_government_office; point_of_interest; establishment,OPERATIONAL,0,0,NA
ChIJ7-vlcIjZ5ogRKYR-UlpYbIg,Daytona Beach City Finance,29.2072266,-81.0197814,Community Space,city hall,local_government_office; point_of_interest; establishment,OPERATIONAL,0,0,NA
ChIJ7-vlcIjZ5ogRvbNQ2aD2AG4,Daytona Beach Redevelopment,29.2069446,-81.0202201,Community Space,city hall,local_government_office; point_of_interest; establishment,OPERATIONAL,0,0,NA
ChIJ778HCSjf5ogRtw9lKcsdLpk,Beck Outdoors Garden & Design Center,29.1661722,-81.0843178,Park,garden,store; point_of_interest; establishment,OPERATIONAL,4.4,57,NA
ChIJ78FHjbjb5ogRXE6IatdK-kM,7th Street Neighborhood Park,29.2349942,-81.0457132,Park,park,park; point_of_interest; establishment,OPERATIONAL,4.2,74,NA
ChIJ78N7rFbc5ogReV2AdjVA5UE,Steak 'n Shake,29.2555952,-81.11363440000001,Social Business,cafe,restaurant; food; point_of_interest; establishment,OPERATIONAL,4,2396,NA
ChIJ7dYs9j_a5ogR20jFpG-waTs,Mai Tai Bar,29.2310721,-81.00976610000001,Social Business,cafe,restaurant; bar; food; point_of_interest; establishment,OPERATIONAL,4.2,675,NA
ChIJ7ebkDMze5ogRgWhTIB8ZjVo,Starbucks,29.1837267,-81.0800326,Social Business,cafe,cafe; store; point_of_interest; food; establishment,OPERATIONAL,4.1,419,NA
ChIJ7eI_xG3b5ogR7IZ6x-HV-BQ,"The Mind of Christ Ministries, Inc.",29.1905735,-81.01215479999999,Place of Worship,place of worship,church; place_of_worship; point_of_interest; establishment,OPERATIONAL,4.5,16,NA
ChIJ82YdnYjb5ogRHyt-mPA-aAU,New Life Church Ministries,29.246798,-81.0721597,Place of Worship,place of worship,church; place_of_worship; point_of_interest; establishment,OPERATIONAL,4.6,16,NA
ChIJ8524HfLY5ogRi5JgLVZIFIs,Covenant United Methodist Church,29.1472767,-81.03490599999999,Place of Worship,place of worship,church; place_of_worship; point_of_interest; establishment,OPERATIONAL,4.8,13,NA
ChIJ87aONRja5ogRZU17nfWPLSQ,First Presbyterian Church,29.218387,-81.0066208,Place of Worship,place of worship,church; place_of_worship; point_of_interest; establishment,OPERATIONAL,4.6,14,NA
ChIJ89-PW0vZ5ogRNYEzK0Bsq-k,Campbell Aquatic Center,29.202465,-81.0261001,Community Space,community center,point_of_interest; establishment,OPERATIONAL,4.3,14,NA
ChIJ8WthG3nX5ogRmhEKaKQEs1w,Sunset Park,29.163274,-80.97963899999999,Park,park,park; point_of_interest; establishment,OPERATIONAL,4.4,18,NA
ChIJ9zeKhY_b5ogRnMhorBrQ4kU,Oberst Ponds & Lighting,29.2459639,-81.0668831,Park,fountain,general_contractor; point_of_interest; establishment,OPERATIONAL,3.4,10,NA
ChIJa-12hs3Z5ogRzwdY9jl1xWc,Dunkin',29.1640687,-80.99835329999999,Social Business,cafe,cafe; bakery; meal_takeaway; restaurant; food; point_of_interest; store; establishment,OPERATIONAL,3.9,445,NA
ChIJA0L8h9vb5ogRRXvdBB-0I7A,Big Value Garden Center,29.21882099999999,-81.047395,Park,garden,store; point_of_interest; establishment,OPERATIONAL,4.6,270,NA
ChIJA0V5wGDZ5ogR2lq79eP9jHw,Braille & Talking Book Library,29.2069573,-81.0520386,Community Space,library,library; local_government_office; point_of_interest; establishment,OPERATIONAL,4.2,5,NA
ChIJA0V5wGDZ5ogR2lq79eP9jHw,Braille & Talking Book Library,29.2069573,-81.0520386,Community Space,library,local_government_office; library; point_of_interest; establishment,OPERATIONAL,4.2,5,NA
ChIJA5RThc7e5ogRioLtIvF8nW8,Builders Square,29.1815904,-81.0813297,Park,square,neighborhood; political,NA,NA,NA,NA
ChIJa6YPafXf5ogRUA3Qjm5DspQ,Parkview Church LPGA,29.207839,-81.136944,Place of Worship,place of worship,church; place_of_worship; point_of_interest; establishment,OPERATIONAL,4.9,9,NA
ChIJaacIxJrZ5ogRAkyeCHlw5Gs,House of God Church,29.1958551,-81.0218735,Place of Worship,place of worship,church; place_of_worship; point_of_interest; establishment,OPERATIONAL,5,2,NA
ChIJAcVu0ufb5ogRE1kiSwGbazk,Derbyshire Park,29.2217193,-81.05649079999999,Park,park,park; tourist_attraction; point_of_interest; establishment,OPERATIONAL,4,313,NA
ChIJAQAAAHDZ5ogR2ffT76IbPKM,Busy Bee Too,29.2173197,-81.0339211,Social Business,cafe,restaurant; food; point_of_interest; establishment,OPERATIONAL,2.9,10,NA
ChIJAQAAAHDZ5ogRIsi5mRL-T0Q,Southern Style Lawn & Garden,29.1987957,-81.04234290000001,Park,garden,general_contractor; point_of_interest; establishment,CLOSED_TEMPORARILY,0,0,TRUE
ChIJAQAQ9-rb5ogRT5-Rvv80kiQ,LIVING WORD FAMILY CHURCH,29.2316533,-81.05535739999999,Place of Worship,place of worship,church; place_of_worship; point_of_interest; establishment,OPERATIONAL,0,0,NA
ChIJAQBsjI3Z5ogRVVSe7Wrxl-o,Identity Church // Daytona Beach,29.2127555,-81.0296163,Place of Worship,place of worship,church; place_of_worship; point_of_interest; establishment,OPERATIONAL,5,2,NA
ChIJaR3ZL3PZ5ogRsp-nu17YQdI,Garden Of Devotion,29.18758739999999,-81.0390644,Park,garden,neighborhood; political,NA,NA,NA,NA
ChIJaRTQMULZ5ogRvg6Kh5xSinQ,The Bistro – Eat. Drink. Connect.®,29.194871,-81.0552569,Social Business,cafe,restaurant; point_of_interest; food; establishment,OPERATIONAL,4.3,4,NA
ChIJAUKIQjPb5ogRTB7iwE6Gz5Y,"Sacred Worship Ministries International, Inc",29.2216977,-81.06857939999999,Place of Worship,place of worship,point_of_interest; establishment,OPERATIONAL,0,0,NA
ChIJaV8ICJ7Z5ogRipYGuIoTRv8,Daytona Beach- Public Works,29.1921227,-81.0305616,Community Space,city hall,general_contractor; local_government_office; point_of_interest; establishment,OPERATIONAL,4.7,9,NA
ChIJaX-LIqzb5ogRczfbvym_kfA,Sunrise Park,29.2485956,-81.03646859999999,Park,park,park; tourist_attraction; point_of_interest; establishment,OPERATIONAL,4.5,1141,NA
ChIJAxhC52rZ5ogR2M2WmWHtbSg,Center for Faith & Spirituality (Building 267),29.189357,-81.0510635,Place of Worship,place of worship,place_of_worship; point_of_interest; establishment,OPERATIONAL,0,0,NA
ChIJB-S7Wh_b5ogRUkHJe8Xyxa4,Alive Nutrition West,29.2613124,-81.07507319999999,Social Business,cafe,cafe; food; point_of_interest; establishment,OPERATIONAL,4.6,10,NA
ChIJb07D0a3Z5ogRQssSlVQF1Rc,Blaine O'Neal Park,29.1682438,-81.0233295,Park,park,park; tourist_attraction; point_of_interest; establishment,OPERATIONAL,4.3,53,NA
ChIJB0ltiDTY5ogRM-g9xJpM9x8,Horizon Church,29.1588255,-81.0042864,Place of Worship,place of worship,church; place_of_worship; point_of_interest; establishment,OPERATIONAL,5,5,NA
ChIJb58yz83b5ogRf31mScuHV-4,Sunnyland Park,29.22369399999999,-81.03577700000001,Park,park,park; tourist_attraction; point_of_interest; establishment,OPERATIONAL,4.1,198,NA
ChIJB5AEaLvb5ogRZ6eb4fQnKLU,Teri's Place,29.2437953,-81.0473611,Social Business,cafe,restaurant; food; point_of_interest; establishment,OPERATIONAL,4.7,174,NA
ChIJB5AEaLvb5ogRZ6eb4fQnKLU,Teri's Place,29.2437953,-81.0473611,Social Business,cafe,restaurant; point_of_interest; food; establishment,OPERATIONAL,4.7,174,NA
ChIJb6E-QFfc5ogRFxF9s1CVP_U,Magic Nails,29.25673089999999,-81.1099539,Park,square,beauty_salon; point_of_interest; establishment,OPERATIONAL,2.5,4,NA
ChIJb8AILIjZ5ogR69zejFVOsH8,Chef Papa's Cafe and Catering,29.2105674,-81.0190887,Social Business,cafe,cafe; restaurant; food; point_of_interest; establishment,OPERATIONAL,4.6,82,NA
ChIJba8lz6_d5ogRot_7yuPDf8A,Oasis Church,29.2515203,-81.12852769999999,Place of Worship,place of worship,church; place_of_worship; point_of_interest; establishment,OPERATIONAL,4.5,37,NA
ChIJBe66bFgn54gRv-OKcRarCAk,Coraci Park,29.1184306,-81.0629962,Park,park,park; point_of_interest; establishment,OPERATIONAL,4.6,65,NA
ChIJbVDBhdbb5ogRTpc_-eFJUOc,Church of God By Faith,29.213297,-81.03745579999999,Place of Worship,place of worship,church; place_of_worship; point_of_interest; establishment,OPERATIONAL,5,3,NA
ChIJbVga0s3Z5ogRUdrR4s9-XAs,Elevate Church,29.1643111,-81.0015106,Place of Worship,place of worship,church; place_of_worship; point_of_interest; establishment,OPERATIONAL,4.8,32,NA
ChIJBx0i67re5ogRdyoMtEq716w,Hope Lutheran Church,29.2004108,-81.08752439999999,Place of Worship,place of worship,church; place_of_worship; point_of_interest; establishment,OPERATIONAL,4.7,12,NA
ChIJbxmegCfa5ogRYWatnFrKjzg,Abraxas Books,29.2086382,-81.0176886,Social Business,bookstore,book_store; home_goods_store; store; point_of_interest; establishment,OPERATIONAL,4.6,130,NA
ChIJbZ2Y7H3b5ogRsxb_RBC7Vhg,Kingdom Hall of Jehovah's Witnesses,29.2646508,-81.0740131,Place of Worship,place of worship,church; place_of_worship; point_of_interest; establishment,OPERATIONAL,4.7,31,NA
ChIJC_0N2gjZ5ogRNScPopwSMsE,Central Park,29.16921,-81.01798509999999,Park,park,park; point_of_interest; establishment,OPERATIONAL,4.5,2,NA
ChIJC_3MyM3b5ogRe43MEHmkWso,Daytona Beach Code Enforcement,29.2104505,-81.0205034,Community Space,city hall,local_government_office; point_of_interest; establishment,OPERATIONAL,1.6,5,NA
ChIJC_ib32zZ5ogRfpHzop3X8Sg,Starbucks,29.1882526,-81.0492664,Social Business,cafe,cafe; food; point_of_interest; store; establishment,OPERATIONAL,4.3,101,NA
ChIJC_ib32zZ5ogRfpHzop3X8Sg,Starbucks,29.1882526,-81.0492664,Social Business,cafe,cafe; store; point_of_interest; food; establishment,OPERATIONAL,4.3,101,NA
ChIJC-QG4yff5ogRCCUHUfMr2wE,Daytona Flea & Farmers Market,29.1644557,-81.0841446,Park,fountain,tourist_attraction; shopping_mall; point_of_interest; establishment,OPERATIONAL,4.4,12910,NA
ChIJC68L9GDX5ogRrDSJViG0kf0,Shores Community Center,29.1684946,-80.97988540000001,Community Space,community center,point_of_interest; establishment,OPERATIONAL,4.9,25,NA
ChIJc75YAyff5ogR-IeY-gGl4n8,McDonald's,29.1684681,-81.0870892,Social Business,cafe,cafe; restaurant; food; point_of_interest; store; establishment,OPERATIONAL,3.4,2948,NA
ChIJc75YAyff5ogR-IeY-gGl4n8,McDonald's,29.1684681,-81.0870892,Social Business,cafe,cafe; store; restaurant; point_of_interest; food; establishment,OPERATIONAL,3.4,2948,NA
ChIJc77lU67d5ogRzWiieqhWWYY,Gourmet Kitchen,29.2528345,-81.1278804,Social Business,cafe,restaurant; food; point_of_interest; establishment,OPERATIONAL,4.6,305,NA
ChIJccM7m0XZ5ogRY0x8eYQnSCk,FYE,29.1970422,-81.0635662,Social Business,bookstore,book_store; clothing_store; electronics_store; home_goods_store; store; point_of_interest; establishment,OPERATIONAL,4.4,186,NA
ChIJceU-T-PZ5ogRHFswe0HN7dw,Traders Restaurant & Tiki Lounge,29.194454,-80.99191259999999,Social Business,cafe,bar; restaurant; food; point_of_interest; establishment,OPERATIONAL,4.2,468,NA
ChIJCQIZgR_b5ogRxscYwzsTPoM,7-Eleven - CLOSED - Closed,29.2786886,-81.0338486,Social Business,cafe,convenience_store; gas_station; cafe; liquor_store; meal_takeaway; bakery; store; restaurant; point_of_interest; food; establishment,OPERATIONAL,3.2,5,NA
ChIJcSi_Dkfb5ogRnUGULIaeLrM,Joseph charles Harrison park,29.2142418,-81.0293861,Park,park,park; point_of_interest; establishment,OPERATIONAL,0,0,NA
ChIJcU0fn9Tb5ogRM2a1ytoOoRg,Daytona Deliverence Church,29.21533389999999,-81.0329096,Place of Worship,place of worship,church; place_of_worship; point_of_interest; establishment,OPERATIONAL,4.7,30,NA
ChIJcWbv1ZLb5ogRQRvjKAu-XQM,The Sweetheart Trail,29.2134025,-81.0172193,Park,park,park; point_of_interest; establishment,CLOSED_TEMPORARILY,0,0,TRUE
ChIJcz-fKb_b5ogRLfw8O8O5BcI,840 Holly Square Apartments,29.236495,-81.04829,Park,square,point_of_interest; establishment,OPERATIONAL,3.6,5,NA
ChIJcZQ77e7Z5ogR6VYbd24vwrI,Kingdom Life Center,29.1989453,-81.0171033,Community Space,community center,point_of_interest; establishment,CLOSED_TEMPORARILY,0,0,TRUE
ChIJd3GP2vfb5ogRUV1mv5mazDY,Delicias Centro Americanas,29.2230238,-81.0400349,Social Business,cafe,restaurant; point_of_interest; food; establishment,OPERATIONAL,4.5,287,NA
ChIJd3GP2vfb5ogRUV1mv5mazDY,Delicias Centro Americanas,29.2230238,-81.0400349,Social Business,cafe,restaurant; food; point_of_interest; establishment,OPERATIONAL,4.5,287,NA
ChIJdaoueqbZ5ogRKVOfPgI5xgk,Relevant Church,29.177095,-81.02553010000001,Place of Worship,place of worship,church; place_of_worship; point_of_interest; establishment,OPERATIONAL,4.8,55,NA
ChIJDaz6IfvZ5ogRPfDXSu5cIHE,"Jan Spisar Photography, Videography and Photo Booth",29.227952,-81.067149,Park,fountain,point_of_interest; establishment,OPERATIONAL,5,3,NA
ChIJDcpZpKfZ5ogRyl8b6t9_sL4,Dunkin',29.1771632,-81.02937060000001,Social Business,cafe,bakery; meal_takeaway; cafe; store; restaurant; point_of_interest; food; establishment,OPERATIONAL,4,657,NA
ChIJDd-EKozZ5ogRYnmyiovXRZ0,Family Renew Community,29.1999534,-81.01468679999999,Community Space,community center,point_of_interest; establishment,OPERATIONAL,5,8,NA
ChIJdQ_IXDba5ogRld6HSjIZn5c,Sickler Park,29.2299486,-81.02413969999999,Park,park,park; point_of_interest; establishment,OPERATIONAL,3.9,32,NA
ChIJdR_CPBfa5ogRCK9d0APD9Y0,Fountain Beach Resort Condo,29.2213952,-81.0048042,Park,fountain,neighborhood; political,NA,NA,NA,NA
ChIJDTgh4X3b5ogRZJDlY25uB_8,Big League Gardens,29.2449594,-81.0415276,Park,garden,store; food; point_of_interest; establishment,OPERATIONAL,4.9,14,NA
ChIJDTgh4X3b5ogRZJDlY25uB_8,Big League Gardens,29.2449594,-81.0415276,Park,garden,point_of_interest; store; food; establishment,OPERATIONAL,4.9,14,NA
ChIJdTj6GZPd5ogRJSYFEbI_f3g,Tropical Smoothie Cafe,29.2558676,-81.1112155,Social Business,cafe,restaurant; food; point_of_interest; establishment,OPERATIONAL,3.9,78,NA
ChIJDV_taVjY5ogR3PxBzNFSDXA,Livingston Memorial United Church,29.2145789,-81.0205842,Place of Worship,place of worship,church; place_of_worship; point_of_interest; establishment,OPERATIONAL,0,0,NA
ChIJDVxgGmbZ5ogRXOuLe3Gm-1M,Dunkin',29.1996901,-81.04790849999999,Social Business,cafe,bakery; cafe; meal_takeaway; restaurant; store; point_of_interest; food; establishment,OPERATIONAL,4.1,859,NA
ChIJDzuVgbbb5ogRT1-K0NiZy4g,DOC 'For The Least Of These' Thrift Store,29.2363472,-81.03676089999999,Social Business,bookstore,book_store; electronics_store; clothing_store; furniture_store; home_goods_store; store; point_of_interest; establishment,OPERATIONAL,4.7,59,NA
ChIJe15k9G7Y5ogRzyuSYWqAH5o,One Church,29.1489758,-81.0269825,Place of Worship,place of worship,church; place_of_worship; point_of_interest; establishment,OPERATIONAL,4.9,85,NA
ChIJe1MdcFLd5ogRhcrUO-ghWIg,Wild and raw smoothies and more,29.2527242,-81.127500800000007,Social Business,cafe,restaurant; food; point_of_interest; establishment,OPERATIONAL,5,1,NA
ChIJe5eSTb7b5ogR24NsJYNPyiE,North Street Park,29.2171926,-81.0370616,Park,park,park; point_of_interest; establishment,OPERATIONAL,4.6,11,NA
ChIJE9wn5zPa5ogRJps3aLhHWwA,Allen Chapel African Methodist Episcopal Church,29.22525869999999,-81.0261663,Place of Worship,place of worship,church; place_of_worship; point_of_interest; establishment,OPERATIONAL,0,0,NA
ChIJeeJUsQDd5ogRjvxa-yaI91E,Latitude Bar & Chill,29.221144,-81.1264048,Social Business,cafe,restaurant; bar; food; point_of_interest; establishment,OPERATIONAL,4.6,211,NA
ChIJexZm-4vY5ogRHqSSS6YTfVo,Sunset Cove pond and fountain,29.1353686,-81.03623379999999,Park,fountain,point_of_interest; establishment,OPERATIONAL,4.5,2,NA
ChIJF_H9cTnZ5ogRGPRiwGOzE2g,Sugar Mill Cafe,29.1838061,-81.0609779,Social Business,cafe,cafe; food; point_of_interest; establishment,OPERATIONAL,3.8,15,NA
ChIJf2n-vlfc5ogR0Xi4zeQbnzQ,Chick-fil-A,29.2581006,-81.1109263,Park,square,restaurant; food; point_of_interest; establishment,OPERATIONAL,4.5,2411,NA
ChIJf2n-vlfc5ogR0Xi4zeQbnzQ,Chick-fil-A,29.2581006,-81.1109263,Social Business,cafe,restaurant; food; point_of_interest; establishment,OPERATIONAL,4.5,2411,NA
ChIJF3KyKobZ5ogRBL0BOqXNGyY,Good Samaritan Society - Daytona - Olds Hall,29.2056614,-81.0206032,Community Space,community center,point_of_interest; establishment,OPERATIONAL,1,1,NA
ChIJf4JMj6_d5ogRH92Obl9cS2Q,Faith Lutheran Church,29.2523526,-81.13027509999999,Place of Worship,place of worship,church; place_of_worship; point_of_interest; establishment,OPERATIONAL,4.8,10,NA
ChIJf4pA0OLa5ogRYfTpcRJJMCI,McDonald's,29.2677219,-81.0290328,Social Business,cafe,cafe; store; restaurant; point_of_interest; food; establishment,OPERATIONAL,3.2,1317,NA
ChIJf4pA0OLa5ogRYfTpcRJJMCI,McDonald's,29.2677219,-81.0290328,Social Business,cafe,cafe; restaurant; store; food; point_of_interest; establishment,OPERATIONAL,3.2,1317,NA
ChIJf5g4c_7a5ogRjW_wU1uBDXY,Forgiven Temple Ministries,29.1748965,-81.0192005,Place of Worship,place of worship,church; place_of_worship; point_of_interest; establishment,OPERATIONAL,5,2,NA
ChIJF9RD2H_b5ogR3JHjiy-C4YE,Sunrise Cafe,29.260879,-81.074738,Social Business,cafe,restaurant; food; point_of_interest; establishment,OPERATIONAL,4.5,567,NA
ChIJFfY9p_zZ5ogRn9wKqbjkl_M,Mango Sun Cafe And Grille Beachside,29.1950552,-80.99236259999999,Social Business,cafe,cafe; restaurant; food; point_of_interest; establishment,OPERATIONAL,4.2,184,NA
ChIJfSCdNWHg5ogRxgu3nmgb0l0,Tiger Bay State Forest,29.1559302,-81.1691567,Park,park,tourist_attraction; park; point_of_interest; establishment,OPERATIONAL,4.5,977,NA
ChIJFVCez1zZ5ogRuXNRCltHHUY,Halifax Health-Center For Family: Herrero Francisco MD,29.200423,-81.057,Park,fountain,doctor; health; point_of_interest; establishment,OPERATIONAL,0,0,NA
ChIJfVPU1z7a5ogRhpmz-kdfKms,Faith Covenant Church,29.195248,-81.014031,Place of Worship,place of worship,church; place_of_worship; point_of_interest; establishment,OPERATIONAL,4.7,10,NA
ChIJFy_Nhg7b5ogRK2RTTbD6G8o,Ormond Beach First Christian,29.2649521,-81.0475178,Place of Worship,place of worship,church; place_of_worship; point_of_interest; establishment,OPERATIONAL,5,2,NA
ChIJfZ8dfonb5ogRTIdjM5rLl7A,Fdlrs East,29.2412116,-81.0724158,Community Space,library,health; point_of_interest; establishment,OPERATIONAL,0,0,NA
ChIJG-YW5WrZ5ogRhMjfgiIVuSE,Bookstore (Inside Mori Hosseini Student Union),29.18738969999999,-81.04872519999999,Social Business,bookstore,book_store; point_of_interest; store; establishment,OPERATIONAL,4.4,175,NA
ChIJG-YW5WrZ5ogRhMjfgiIVuSE,Bookstore (Inside Mori Hosseini Student Union),29.18738969999999,-81.04872519999999,Social Business,bookstore,book_store; store; point_of_interest; establishment,OPERATIONAL,4.4,175,NA
ChIJg0hIzAvb5ogRlyj0u7g2K1I,Church of Christ Holly Hill,29.2600123,-81.04876639999999,Place of Worship,place of worship,church; place_of_worship; point_of_interest; establishment,OPERATIONAL,4.3,28,NA
ChIJG5ck0tnb5ogRtmRh2yJLi8I,Pentecost Church of God,29.2137168,-81.0427248,Place of Worship,place of worship,church; place_of_worship; point_of_interest; establishment,OPERATIONAL,4.9,7,NA
ChIJg6w2VPHc5ogR1QYY1ecBZU4,Church of the Holy Child,29.2668498,-81.1032609,Place of Worship,place of worship,church; place_of_worship; point_of_interest; establishment,OPERATIONAL,5,9,NA
ChIJg77w1Sra5ogRlKBMn3yWL-I,Carl S. Swisher Library,29.2131564,-81.0323648,Community Space,library,library; point_of_interest; establishment,OPERATIONAL,4.1,8,NA
ChIJG8pO7j_a5ogRvxKj8bJdjjA,Dunkin',29.2302699,-81.0102012,Social Business,cafe,cafe; bakery; meal_takeaway; restaurant; food; point_of_interest; store; establishment,OPERATIONAL,4.1,499,NA
ChIJgaAsAGDX5ogRqWXpx9hPzbk,Beachcomber Park,29.1832727,-80.987021,Park,park,park; parking; point_of_interest; establishment,OPERATIONAL,4,12,NA
ChIJGb7e7ULZ5ogRvq9usjf9TiA,McDonald's,29.1978442,-81.0551354,Social Business,cafe,cafe; restaurant; store; point_of_interest; food; establishment,OPERATIONAL,2.9,3005,NA
ChIJgfBUH7Db5ogRpkUQ43qR6Io,Holly Hill City Hall Ob,29.244497,-81.040742,Community Space,city hall,transit_station; point_of_interest; establishment,OPERATIONAL,0,0,NA
ChIJgW3frn_Z5ogRkUiJ0QI7qjg,Bethune-Cookman University Bookstore,29.20562749999999,-81.0340531,Social Business,bookstore,book_store; clothing_store; point_of_interest; store; establishment,OPERATIONAL,4.5,50,NA
ChIJgW3frn_Z5ogRkUiJ0QI7qjg,Bethune-Cookman University Bookstore,29.20562749999999,-81.0340531,Social Business,bookstore,book_store; clothing_store; store; point_of_interest; establishment,OPERATIONAL,4.5,50,NA
ChIJgW6c93bZ5ogReTAsB837H4g,Daytona Garden Adartments,29.1987957,-81.04234290000001,Park,garden,point_of_interest; establishment,OPERATIONAL,2,2,NA
ChIJGx7Ewyna5ogRe8TQLY2aCbM,Neighbor To Family,29.21011489999999,-81.0241625,Community Space,community center,point_of_interest; establishment,OPERATIONAL,5,1,NA
ChIJGXjr8X_b5ogRbb_b7cSYcdQ,Pura Vida Tropical Gardens LLC,29.2381635,-81.03536679999999,Park,garden,general_contractor; point_of_interest; establishment,OPERATIONAL,5,4,NA
ChIJGxlXGNTb5ogR8bZHnduj1Qo,Moving By the Word Ministries,29.2143568,-81.0362739,Place of Worship,place of worship,church; place_of_worship; point_of_interest; establishment,OPERATIONAL,5,5,NA
ChIJh_5a74DZ5ogR33_sB3r2AdU,Church of God of Prophecy,29.2071861,-81.02764839999999,Place of Worship,place of worship,church; place_of_worship; point_of_interest; establishment,OPERATIONAL,4.8,4,NA
ChIJH61Vw9bb5ogRNkzX9Lz-8UM,Gray Memorial Church COGI,29.2147288,-81.03912,Place of Worship,place of worship,church; place_of_worship; point_of_interest; establishment,OPERATIONAL,4.8,4,NA
ChIJH6xA3C_f5ogRC9HLZHxg0ZQ,First Baptist Church Daytona Beach - West Campus,29.1528116,-81.0914159,Place of Worship,place of worship,church; place_of_worship; point_of_interest; establishment,OPERATIONAL,4.6,45,NA
ChIJHa8yabfZ5ogR6sIxuNZ_DaE,Honor Park,29.1728182,-81.0130059,Park,park,park; tourist_attraction; point_of_interest; establishment,OPERATIONAL,4.4,90,NA
ChIJhdv-nfh654gRC5RFuKDfmd0,Lifevision Church Orlando,29.2350793,-81.01846259999999,Place of Worship,place of worship,church; place_of_worship; point_of_interest; establishment,OPERATIONAL,5,3,NA
ChIJHRBKYs3b5ogR5TYpOWuG6rM,Daytona beach shoreline,29.2216472,-81.0046081,Park,fountain,point_of_interest; establishment,OPERATIONAL,4.7,79,NA
ChIJHUffVWnb5ogR0Uc2aaYwKPQ,The Pallet Pub,29.226227,-81.008714,Social Business,cafe,cafe; food; point_of_interest; establishment,OPERATIONAL,4.8,32,NA
ChIJhXdZIo7Z5ogRXofSnzMk5k4,His Ministry International,29.19763499999999,-81.0160597,Place of Worship,place of worship,church; place_of_worship; point_of_interest; establishment,OPERATIONAL,0,0,NA
ChIJHXK-Uzza5ogRQ_nt_2MPnF0,Ocean Garden Condominiums Home,29.2232028,-81.011999,Park,garden,insurance_agency; point_of_interest; establishment,OPERATIONAL,4,5,NA
ChIJhysrmBXd5ogRerKZXn5HJEk,Dunkin',29.2255042,-81.0914718,Social Business,cafe,cafe; meal_takeaway; bakery; restaurant; food; store; point_of_interest; establishment,OPERATIONAL,3.9,133,NA
ChIJhz3Y_IPZ5ogR5UmFi-N-aLM,John H. Dickerson Community Center,29.2040459,-81.02644310000001,Community Space,community center,local_government_office; point_of_interest; establishment,OPERATIONAL,4.8,6,NA
ChIJi_-VRZXZ5ogRKfJYygFWeFo,Java express fine coffee&donuts,29.1860673,-81.01008209999999,Social Business,cafe,bakery; store; food; point_of_interest; establishment,OPERATIONAL,4.7,432,NA
ChIJi_-VRZXZ5ogRKfJYygFWeFo,Java express fine coffee&donuts,29.1860673,-81.01008209999999,Social Business,cafe,bakery; food; store; point_of_interest; establishment,OPERATIONAL,4.7,432,NA
ChIJi0Dgx93b5ogRlcWShXzPIXE,Raising Up Nations World Ministries,29.218066,-81.0513364,Place of Worship,place of worship,church; place_of_worship; point_of_interest; establishment,OPERATIONAL,0,0,NA
ChIJI2dcgM3e5ogR7eufd29lsDk,The Home Depot,29.1801229,-81.0778789,Park,fountain,hardware_store; furniture_store; home_goods_store; store; point_of_interest; establishment,OPERATIONAL,4.1,1337,NA
ChIJI2dcgM3e5ogRje9QQTkFnyM,Volusia Square,29.1790288,-81.07860409999999,Park,square,shopping_mall; point_of_interest; establishment,OPERATIONAL,4.1,1702,NA
ChIJi2Fip83e5ogRCKuaJNtSOAA,Garden Center at The Home Depot,29.1792833,-81.0781145,Park,garden,general_contractor; furniture_store; home_goods_store; store; point_of_interest; establishment,OPERATIONAL,5,4,NA
ChIJI2Q5gPva5ogRA6XLBQk3uDY,Hilton Garden Inn Daytona Beach Oceanfront,29.2637418,-81.0256398,Park,garden,lodging; point_of_interest; establishment,OPERATIONAL,4.1,1407,NA
ChIJI2SrkCfa5ogRGkdqC-0Ix0Q,Sweet Marlays' Coffee,29.2097895,-81.0183715,Social Business,cafe,bakery; cafe; food; point_of_interest; store; establishment,OPERATIONAL,4.5,772,NA
ChIJI2SrkCfa5ogRGkdqC-0Ix0Q,Sweet Marlays' Coffee,29.2097895,-81.0183715,Social Business,cafe,cafe; bakery; food; point_of_interest; store; establishment,OPERATIONAL,4.5,772,NA
ChIJI6m5Qbrb5ogR8QXTssJv6zw,Centennial Park & Lake Hadley,29.2415115,-81.0429766,Park,park,park; tourist_attraction; point_of_interest; establishment,OPERATIONAL,4.2,38,NA
ChIJi6yV-c7Z5ogRv_DQ5Y0jcqM,Rossi's Diner,29.1694707,-81.0009608,Social Business,cafe,restaurant; food; point_of_interest; establishment,OPERATIONAL,4.5,1675,NA
ChIJI7DzEVfc5ogR0Cff_0rtk8w,Ormond Towne Square,29.2573973,-81.1106432,Park,square,neighborhood; political,NA,NA,NA,NA
ChIJidPCN-La5ogRTHpVj454qXg,Splash Pad,29.2711695,-81.0289349,Park,park,park; point_of_interest; establishment,OPERATIONAL,4.6,17,NA
ChIJidSrALbZ5ogR1Q2KoVNTpn8,First Baptist Church South Daytona,29.16758859999999,-81.0094257,Place of Worship,place of worship,church; place_of_worship; point_of_interest; establishment,OPERATIONAL,4.3,18,NA
ChIJIf7lMjPZ5ogR9vUWmtuOqlE,Conexion Church,29.1793568,-81.0202375,Place of Worship,place of worship,church; place_of_worship; point_of_interest; establishment,OPERATIONAL,5,2,NA
ChIJifCMRLLb5ogRHuOfaep9fBM,Second Chance Nutrition,29.261358,-81.075037,Social Business,cafe,restaurant; food; point_of_interest; establishment,CLOSED_TEMPORARILY,5,1,TRUE
ChIJIQYcgR_b5ogRr9oQAdOoyQc,Ormond Beach Police Department Community Resource Centre,29.2786886,-81.0338486,Community Space,community center,point_of_interest; establishment,CLOSED_TEMPORARILY,1,1,TRUE
ChIJIV5TYM7d5ogRf4yZYi6lnd8,The Chili Bowl,29.269057,-81.1009168,Social Business,cafe,restaurant; food; point_of_interest; establishment,OPERATIONAL,0,0,NA
ChIJiVk0rlfc5ogR_H377L7A2L4,Publix Pharmacy at Ormond Towne Square,29.2556248,-81.1115782,Park,square,pharmacy; hospital; store; health; point_of_interest; establishment,OPERATIONAL,4.6,9,NA
ChIJiVk0rlfc5ogRCfRToru0vWE,Ormond Towne Square,29.2572484,-81.1106068,Park,square,shopping_mall; point_of_interest; establishment,OPERATIONAL,4.4,2277,NA
ChIJiVk0rlfc5ogRmG6UKvkL4I0,Publix Super Market at Ormond Towne Square,29.2556246,-81.1116018,Park,square,supermarket; liquor_store; florist; bakery; grocery_or_supermarket; store; food; point_of_interest; establishment,OPERATIONAL,4.6,1028,NA
ChIJIx1jMVLZ5ogRFMfLsMjIoAc,Lan Lamoon Authentic Thai Bistro,29.1525249,-81.0192031,Social Business,cafe,restaurant; food; point_of_interest; establishment,OPERATIONAL,4.8,195,NA
ChIJiXH9VO3f5ogRK112ACjzCoo,Good Eats To Go,29.1363917,-81.1418685,Social Business,cafe,restaurant; food; point_of_interest; establishment,OPERATIONAL,4.8,77,NA
ChIJiYl6kffc5ogRGO_VdzesE8E,Biggby Coffee,29.262428,-81.1084451,Social Business,cafe,cafe; store; food; point_of_interest; establishment,OPERATIONAL,4.8,356,NA
ChIJJ-FpCPrd5ogRz446WY4jJCY,Latitude Margaritaville Town Center,29.2210721,-81.1261981,Community Space,community center,point_of_interest; establishment,OPERATIONAL,4.7,101,NA
ChIJJ-OrHIvZ5ogRmRHwpUPNg_I,CrossRoads Coffee House,29.1581675,-81.0370379,Social Business,cafe,cafe; food; point_of_interest; store; establishment,OPERATIONAL,4.9,46,NA
ChIJJ3AeoSja5ogRF5VmFS32_yc,Rosie's Italian Bakery & NY Style Deli,29.2131426,-81.02341609999999,Social Business,cafe,bakery; food; point_of_interest; store; establishment,OPERATIONAL,4.5,533,NA
ChIJJcYSAkPZ5ogRKylSdeyafVE,Starbucks,29.1973426,-81.0565986,Social Business,cafe,cafe; store; point_of_interest; food; establishment,OPERATIONAL,4.1,869,NA
ChIJJeYhxNDd5ogR1M1jemt7zhY,Latitude Margaritaville Work N Play Center,29.2211514,-81.12565470000001,Community Space,community center,point_of_interest; establishment,OPERATIONAL,4.3,4,NA
ChIJjQw8fH3Z5ogRzYdc2YfHRRs,Faith Temple Church of God in Christ,29.2099152,-81.0398555,Place of Worship,place of worship,church; place_of_worship; point_of_interest; establishment,OPERATIONAL,5,6,NA
ChIJjS0wyfLb5ogR8WMqfS1lSOE,The Olive Branch Church,29.234692,-81.06618329999999,Place of Worship,place of worship,church; place_of_worship; point_of_interest; establishment,OPERATIONAL,4.7,9,NA
ChIJJSzKPCna5ogRftZASkF9o4Q,Coffee-Time Services,29.213428,-81.02388250000001,Social Business,cafe,food; point_of_interest; store; establishment,CLOSED_TEMPORARILY,0,0,TRUE
ChIJJTpeynnZ5ogRzX_tsAEcpC8,John H Dickerson Heritage Library,29.1993367,-81.0336688,Community Space,library,library; point_of_interest; establishment,OPERATIONAL,4.5,18,NA
ChIJjwSmk0_a5ogRKkerYr9NFEI,Colin’s Park,29.2394252,-81.0224971,Park,park,park; point_of_interest; establishment,OPERATIONAL,4,121,NA
ChIJJxwO307Y5ogREL0gE8GVvBE,Reed Canal Park,29.1536742,-81.01573499999999,Park,park,park; tourist_attraction; point_of_interest; establishment,OPERATIONAL,4.6,1213,NA
ChIJK_BWP13Z5ogRC1PPET8ak-4,Halifax Health Medical Center Medical Library,29.2002256,-81.0542208,Community Space,library,library; point_of_interest; establishment,OPERATIONAL,5,2,NA
ChIJK1evq2fb5ogReIvYAD8e6fo,Church of Religious Science,29.1716406,-81.0359697,Place of Worship,place of worship,church; place_of_worship; point_of_interest; establishment,OPERATIONAL,2,1,NA
ChIJk1jjZPPb5ogRIL_TEtXMY0E,House of Pray Christian Church,29.2331249,-81.0695215,Place of Worship,place of worship,church; place_of_worship; point_of_interest; establishment,OPERATIONAL,4.1,9,NA
ChIJK4395qXZ5ogRe3Z8gH6x_gM,Supreme Beans Coffee Shop,29.1760327,-81.0254947,Social Business,cafe,cafe; store; restaurant; point_of_interest; food; establishment,OPERATIONAL,4.5,155,NA
ChIJK4395qXZ5ogRe3Z8gH6x_gM,Supreme Beans Coffee Shop,29.1760327,-81.0254947,Social Business,cafe,cafe; store; restaurant; food; point_of_interest; establishment,OPERATIONAL,4.5,155,NA
ChIJK5-335_e5ogR3GWg3AWV144,Dunkin',29.2133746,-81.0988839,Social Business,cafe,meal_takeaway; bakery; cafe; restaurant; food; point_of_interest; store; establishment,OPERATIONAL,4.2,427,NA
ChIJK5-335_e5ogR3GWg3AWV144,Dunkin',29.2133746,-81.0988839,Social Business,cafe,meal_takeaway; cafe; bakery; store; restaurant; point_of_interest; food; establishment,OPERATIONAL,4.2,427,NA
ChIJK5-335_e5ogR3GWg3AWV144,Dunkin',29.2133746,-81.0988839,Social Business,cafe,cafe; meal_takeaway; bakery; restaurant; food; store; point_of_interest; establishment,OPERATIONAL,4.2,427,NA
ChIJK8MH_y3a5ogR0cuSG9layW4,Lifetree Cafe',29.2208429,-81.0256966,Social Business,cafe,point_of_interest; establishment,CLOSED_TEMPORARILY,5,2,TRUE
ChIJkd8mpzXa5ogRXQqX2D5ervU,Riverside Park of Holly Hill,29.2313059,-81.027462,Park,park,park; point_of_interest; establishment,OPERATIONAL,4.4,57,NA
ChIJkdn27cPF5ogR5h-d2jJbRcY,Fraze's Scratch Cookin',29.242631,-81.04035619999999,Social Business,cafe,restaurant; food; point_of_interest; establishment,OPERATIONAL,4.6,293,NA
ChIJkdn27cPF5ogR5h-d2jJbRcY,Fraze's Scratch Cookin',29.242631,-81.04035619999999,Social Business,cafe,restaurant; point_of_interest; food; establishment,OPERATIONAL,4.6,293,NA
ChIJKe9lDDXa5ogRKffJChukKkw,Seacoast Assembly of God Church,29.2308142,-81.0289442,Place of Worship,place of worship,church; place_of_worship; point_of_interest; establishment,OPERATIONAL,5,1,NA
ChIJKQ7bfOTd5ogRb0DI8e-9BGw,Sport Clips Haircuts of Ormond Towne Square,29.2559069,-81.11098059999999,Park,square,hair_care; health; point_of_interest; establishment,OPERATIONAL,4.4,95,NA
ChIJKXSdbIjZ5ogRhWejfWlRKD8,First Baptist Church Daytona Beach,29.1558849,-81.08517119999999,Place of Worship,place of worship,church; place_of_worship; point_of_interest; establishment,OPERATIONAL,4.7,50,NA
ChIJl210GVva5ogRd2eQwWSp9f4,Schnebly Recreation Center,29.2448822,-81.0173305,Community Space,community center,point_of_interest; establishment,OPERATIONAL,4.5,66,NA
ChIJl3BOC5Tb5ogRtBH4XrLl8C8,Walgreens,29.2391027,-81.0587506,Social Business,bookstore,drugstore; convenience_store; clothing_store; food; point_of_interest; health; store; establishment,OPERATIONAL,3,64,NA
ChIJl3BOC5Tb5ogRtBH4XrLl8C8,Walgreens,29.2391027,-81.0587506,Social Business,bookstore,drugstore; convenience_store; clothing_store; health; store; food; point_of_interest; establishment,OPERATIONAL,3,64,NA
ChIJL5qcQlDc5ogRBWPGmp9HEZI,Love Whole Foods Cafe & Market,29.2517068,-81.1099204,Social Business,cafe,grocery_or_supermarket; restaurant; store; health; food; point_of_interest; establishment,OPERATIONAL,4.5,228,NA
ChIJLa8BM73b5ogRg0zbBFwKGJo,Lighthouse For Christ Ministries,29.245307,-81.051626099999993,Place of Worship,place of worship,church; place_of_worship; point_of_interest; establishment,OPERATIONAL,5,5,NA
ChIJlcqE0i7a5ogRPUnxQAwAYMQ,State Attorney's Office,29.2152439,-81.0234839,Community Space,city hall,local_government_office; point_of_interest; establishment,OPERATIONAL,2.3,8,NA
ChIJLWMbFIHZ5ogRrfEROExBpY4,Pentecostal Apostolic Lighthouse Church,29.2052044,-81.027375,Place of Worship,place of worship,church; place_of_worship; point_of_interest; establishment,OPERATIONAL,4.6,11,NA
ChIJlx7Eu1rZ5ogRfdHUOlYivXY,The Gardens Health and Rehab Center,29.2017227,-81.06266029999999,Park,garden,health; point_of_interest; establishment,OPERATIONAL,3.6,38,NA
ChIJlXhSTfLc5ogRDFtmjpi1pLI,Peach Valley Café,29.2685149,-81.1014188,Social Business,cafe,restaurant; food; point_of_interest; establishment,OPERATIONAL,4.6,991,NA
ChIJlxp9qsLb5ogRBPD8LCM9_oU,Church of God of Prophecy,29.222724500000002,-81.053122,Place of Worship,place of worship,church; place_of_worship; point_of_interest; establishment,OPERATIONAL,4.7,11,NA
ChIJlXPXKbTb5ogR_qWGGRyWzBw,Daytona Outreach Center,29.236386,-81.0368087,Place of Worship,place of worship,church; place_of_worship; point_of_interest; establishment,OPERATIONAL,0,0,NA
ChIJlY316GbZ5ogROSw4K3-V-e0,UCF Daytona Beach,29.2023932,-81.0480852,Community Space,library,school; point_of_interest; establishment,OPERATIONAL,5,2,NA
ChIJM4nyrKDZ5ogRDTazRnfzOuo,Chaplain Fellowship,29.1807782,-81.0308405,Place of Worship,place of worship,church; place_of_worship; point_of_interest; establishment,OPERATIONAL,0,0,NA
ChIJM5fwQW7b5ogRt7LR6B0ze7s,Sweet Tea Cafe Holly Hill,29.2485995,-81.0374437,Social Business,cafe,cafe; restaurant; point_of_interest; food; establishment,OPERATIONAL,5,11,NA
ChIJM5R7V7jb5ogRjeRDGruH4s8,Bump and Grind at 555,29.235703,-81.0455928,Social Business,cafe,night_club; cafe; store; food; point_of_interest; establishment,OPERATIONAL,5,2,NA
ChIJm6wbm0XZ5ogRJSwlfenxusM,Books-A-Million,29.1960835,-81.06502449999999,Social Business,bookstore,book_store; electronics_store; home_goods_store; store; point_of_interest; establishment,OPERATIONAL,4.5,1314,NA
ChIJm6wbm0XZ5ogRJSwlfenxusM,Books-A-Million,29.1960835,-81.06502449999999,Social Business,bookstore,electronics_store; book_store; home_goods_store; store; point_of_interest; establishment,OPERATIONAL,4.5,1314,NA
ChIJM8UmT7TZ5ogRBgQXnE-sdK0,Copperline Coffee,29.194355,-81.0724769,Social Business,cafe,cafe; store; point_of_interest; food; establishment,OPERATIONAL,4.5,149,NA
ChIJM8UmT7TZ5ogRBgQXnE-sdK0,Copperline Coffee,29.194355,-81.0724769,Social Business,cafe,cafe; store; food; point_of_interest; establishment,OPERATIONAL,4.5,149,NA
ChIJm8vz77nb5ogRQSwIJrNPAeA,Arroz Con Leche,29.2571318,-81.0479288,Social Business,cafe,restaurant; point_of_interest; food; establishment,OPERATIONAL,4.6,65,NA
ChIJMb6at7jZ5ogRLzWIH6UZxnA,James Park Splash Pad,29.1786885,-81.01045309999999,Park,park,park; point_of_interest; establishment,OPERATIONAL,4.5,78,NA
ChIJMe_1vMPb5ogRfePD3xXrXWI,koffee kup restaurant,29.2257201,-81.04959889999999,Social Business,cafe,restaurant; point_of_interest; food; establishment,OPERATIONAL,4.4,590,NA
ChIJMe_1vMPb5ogRfePD3xXrXWI,koffee kup restaurant,29.2257201,-81.04959889999999,Social Business,cafe,restaurant; food; point_of_interest; establishment,OPERATIONAL,4.4,590,NA
ChIJMemmwZN854gRGZsSNtrKZak,Marvelous Church Global Ministries,29.204663,-81.0420922,Place of Worship,place of worship,church; place_of_worship; point_of_interest; establishment,OPERATIONAL,5,6,NA
ChIJMQ0MtrHZ5ogR-eMStx3Ix2Y,Magnolia Park,29.1708559,-81.01909859999999,Park,park,park; point_of_interest; establishment,OPERATIONAL,4.4,63,NA
ChIJMYFSiZ7Z5ogRqXK5QALScxo,Abundant Life Ministries,29.190597,-81.0281476,Place of Worship,place of worship,church; place_of_worship; point_of_interest; establishment,OPERATIONAL,0,0,NA
ChIJMynLvajZ5ogRaEkbBzgPOcw,Thee Garden Spa & Salon,29.1736821,-81.02703609999999,Park,garden,spa; point_of_interest; establishment,OPERATIONAL,0,0,NA
ChIJN-3kPA7c5ogRmb5qEJQRQkY,Upper Crust & Crumb Baglery,29.2286808,-81.0856062,Social Business,cafe,bakery; food; store; point_of_interest; establishment,OPERATIONAL,3.9,16,NA
ChIJN-3kPA7c5ogRmb5qEJQRQkY,Upper Crust & Crumb Baglery,29.2286808,-81.0856062,Social Business,cafe,bakery; store; point_of_interest; food; establishment,OPERATIONAL,3.9,16,NA
ChIJN-IrYoHZ5ogRXqmZPthv_pM,Butts Temple Church of God In Christ,29.2034273,-81.02746169999999,Place of Worship,place of worship,church; place_of_worship; point_of_interest; establishment,OPERATIONAL,5,2,NA
ChIJn1bza47Z5ogRrhcXKDDdPR4,Kingdom Family Church of Daytona,29.1989175,-81.0170596,Place of Worship,place of worship,church; place_of_worship; point_of_interest; establishment,OPERATIONAL,4.8,16,NA
ChIJN2Kvl4zb5ogRNNPOnAMYESc,Hope Place Public Library,29.2414742,-81.0700597,Community Space,library,library; point_of_interest; establishment,OPERATIONAL,4.8,19,NA
ChIJN4LnzZPb5ogRcmkHk_AwDqw,Shotwells Jungle Garden,29.2393325,-81.0613212,Park,garden,neighborhood; political,NA,NA,NA,NA
ChIJN6DPiKzZ5ogRX_unw_s0vQI,Piggotte Community Center,29.1733121,-81.007581,Community Space,community center,point_of_interest; establishment,OPERATIONAL,4.5,62,NA
ChIJn7qE5hba5ogRF3sg_J2PzTY,Livin the Dream Condo Rental,29.2214852,-81.0048778,Park,fountain,lodging; point_of_interest; establishment,OPERATIONAL,3,2,NA
ChIJn88_mjPY5ogRh82NLhPZNCs,Ned Wagner Park,29.1580339,-81.0027242,Park,park,park; tourist_attraction; point_of_interest; establishment,OPERATIONAL,4.1,21,NA
ChIJN94CM3jZ5ogREBDrMuOgfKs,Daytona Gardens,29.2024697,-81.03267950000001,Park,garden,neighborhood; political,NA,NA,NA,NA
ChIJnaXH_-Xb5ogRpHIhSaFX0sU,Hope Fellowship Church,29.2228141,-81.05879449999999,Place of Worship,place of worship,church; place_of_worship; point_of_interest; establishment,OPERATIONAL,4.9,16,NA
ChIJneWuKkHa5ogR97ms_-aTLFk,LitigationCafe,29.2344283,-81.01470010000001,Social Business,cafe,cafe; food; point_of_interest; establishment,CLOSED_TEMPORARILY,0,0,TRUE
ChIJNeYCbenb5ogR4lX2IRCIy3g,The Church of Jesus Christ of Latter-day Saints,29.2270316,-81.0567666,Place of Worship,place of worship,church; place_of_worship; point_of_interest; establishment,OPERATIONAL,4.7,34,NA
ChIJNfphD4Hb5ogR_tCzfP2sGyQ,Fountain Plastering,29.2550679,-81.0720067,Park,fountain,general_contractor; point_of_interest; establishment,OPERATIONAL,0,0,NA
ChIJnQJa9QbZ5ogRmlf-T4XiNDs,Center For Spiritual Living,29.1716406,-81.0359697,Place of Worship,place of worship,church; place_of_worship; point_of_interest; health; establishment,OPERATIONAL,5,3,NA
ChIJNQmSbNLe5ogR2lXVZrdcvzY,Volusia Square Ob,29.177384,-81.0796,Park,square,transit_station; point_of_interest; establishment,OPERATIONAL,0,0,NA
ChIJnSWNVhHZ5ogRBvv4nP9Rup8,My exodus cafe,29.1942272,-81.0638999,Social Business,cafe,restaurant; point_of_interest; food; establishment,OPERATIONAL,5,2,NA
ChIJnSWNVhHZ5ogRBvv4nP9Rup8,My exodus cafe,29.1942272,-81.0638999,Social Business,cafe,restaurant; food; point_of_interest; establishment,OPERATIONAL,5,2,NA
ChIJNTcxSOLa5ogRRdOm82TcJzQ,Andy Romano Beachfront Park,29.2712198,-81.0294006,Park,park,park; tourist_attraction; point_of_interest; establishment,OPERATIONAL,4.8,2729,NA
ChIJNW6QHkfa5ogRhwqv9jIPhVE,The Red Bud Cafe,29.234287,-81.01641029999999,Social Business,cafe,restaurant; cafe; store; point_of_interest; food; establishment,OPERATIONAL,4.9,669,NA
ChIJNW6QHkfa5ogRhwqv9jIPhVE,The Red Bud Cafe,29.234287,-81.01641029999999,Social Business,cafe,restaurant; cafe; food; point_of_interest; store; establishment,OPERATIONAL,4.9,669,NA
ChIJnwFyhxDb5ogRAfuzxZeiT3s,Fountain Beauty Salon,29.2435693,-81.0406835,Park,fountain,beauty_salon; point_of_interest; establishment,CLOSED_TEMPORARILY,0,0,TRUE
ChIJNY4TN2rZ5ogRmvqJHNlhSIU,Java Moon Cafe at DAB,29.1845212,-81.0606523,Social Business,cafe,cafe; food; point_of_interest; establishment,OPERATIONAL,5,5,NA
ChIJnzs7ISfa5ogRikkMdgUUrCg,Daytona Beach Regional Library (City Island),29.2122497,-81.0172958,Community Space,library,library; point_of_interest; establishment,OPERATIONAL,4.7,150,NA
ChIJO_tl3avd5ogRPdFfjYjF2Wo,RD Waterworks l.l.c.,29.2640332,-81.0865046,Park,fountain,point_of_interest; establishment,OPERATIONAL,0,0,NA
ChIJO--RCoHZ5ogRQ0ieyAMJegA,Amazing Grace International Ministries,29.1986733,-81.02014369999999,Place of Worship,place of worship,church; place_of_worship; point_of_interest; establishment,OPERATIONAL,0,0,NA
ChIJO-2FHH7Z5ogRUpvupNDsCFM,Divine Deliverance Ministries,29.2094812,-81.0359442,Place of Worship,place of worship,church; place_of_worship; point_of_interest; establishment,OPERATIONAL,5,7,NA
ChIJo-vjedXb5ogRzA5vaf62bWo,Bread & Bubble Tea,29.2236026,-81.0064101,Social Business,cafe,cafe; food; point_of_interest; establishment,OPERATIONAL,4.7,248,NA
ChIJo1Dyv43Z5ogRYQAXBGFeuFs,Bethune Point Park,29.1991122,-81.0095515,Park,park,park; tourist_attraction; point_of_interest; establishment,OPERATIONAL,4.3,436,NA
ChIJo4M30qjZ5ogRnZ01foDA-iU,A Family Church,29.1721217,-81.0255203,Place of Worship,place of worship,church; place_of_worship; point_of_interest; establishment,OPERATIONAL,0,0,NA
ChIJObWdPLvb5ogRqVslHercvKw,Holly Hill Public Utilities,29.2425301,-81.0460678,Community Space,city hall,point_of_interest; establishment,OPERATIONAL,1.5,15,NA
ChIJoc53_e3b5ogRdgVZnSEfh7o,"Living Faith World Ministries, Inc",29.2291596,-81.063796,Place of Worship,place of worship,church; place_of_worship; point_of_interest; establishment,OPERATIONAL,4.8,58,NA
ChIJOcaRhc7e5ogRMbJ28N72ciI,Panera Bread,29.1810433,-81.0805452,Social Business,cafe,cafe; meal_takeaway; bakery; store; restaurant; point_of_interest; food; establishment,OPERATIONAL,4,1063,NA
ChIJOdIi9vja5ogRK0mjs0a-7sE,Steve's Famous Diner,29.2571528,-81.0229639,Social Business,cafe,restaurant; food; point_of_interest; establishment,OPERATIONAL,4.4,2765,NA
ChIJoQg3-ELZ5ogRwJIIcjjbbQM,LensCrafters,29.179301,-81.07966499999999,Park,square,point_of_interest; health; store; establishment,OPERATIONAL,4.6,223,NA
ChIJOSH2s3Lb5ogRt7UH9ZdBNIs,Heffer's Kountry Cafe,29.26814569999999,-81.05304319999999,Social Business,cafe,restaurant; point_of_interest; food; establishment,OPERATIONAL,4.6,684,NA
ChIJOSj2APzY5ogRtAU3716C8wQ,FAITH Family Community Center,29.158204,-81.03699399999999,Community Space,community center,point_of_interest; establishment,OPERATIONAL,4.7,3,NA
ChIJoVhoaPHb5ogRwK1RUQTvLP8,Fountain Lake,29.2286982,-81.0692562,Park,fountain,neighborhood; political,NA,NA,NA,NA
ChIJOVn9otfZ5ogRXo652X53-CU,Eli's Meat Pie LLC,29.1752728,-81.026032,Social Business,cafe,cafe; point_of_interest; food; establishment,OPERATIONAL,4.7,31,NA
ChIJOVn9otfZ5ogRXo652X53-CU,Eli's Meat Pie LLC,29.1752728,-81.026032,Social Business,cafe,cafe; food; point_of_interest; establishment,OPERATIONAL,4.7,31,NA
ChIJoVvwbxna5ogRG0eY0la735E,Daytona Beach Lenox Playground,29.215643,-81.00440700000001,Park,park,park; point_of_interest; establishment,OPERATIONAL,4.2,189,NA
ChIJow-4apzZ5ogRzqqOAwi6C_Y,Samuel L. Butts Archeological Park,29.1937895,-81.02681179999999,Park,park,park; tourist_attraction; point_of_interest; establishment,OPERATIONAL,4.4,227,NA
ChIJoWD18cDZ5ogRBa7g1D_CruI,Community Development,29.1812878,-81.00794479999999,Community Space,city hall,local_government_office; point_of_interest; establishment,OPERATIONAL,0,0,NA
ChIJoWD18cDZ5ogRgx_TtCfVR2Q,City of South Daytona Florida City Hall,29.1814263,-81.00781909999999,Community Space,city hall,city_hall; local_government_office; point_of_interest; establishment,CLOSED_PERMANENTLY,3.2,5,TRUE
ChIJoWD18cDZ5ogRqw7hqgi1ymk,City Manager,29.1812878,-81.00794479999999,Community Space,city hall,local_government_office; point_of_interest; establishment,OPERATIONAL,5,1,NA
ChIJoWn-1InZ5ogR9knrOeKtt84,Riverfront Park,29.2116717,-81.018586,Community Space,city hall,park; tourist_attraction; point_of_interest; establishment,CLOSED_TEMPORARILY,4.5,326,TRUE
ChIJoWn-1InZ5ogR9knrOeKtt84,Riverfront Park,29.2116717,-81.018586,Park,park,park; tourist_attraction; point_of_interest; establishment,CLOSED_TEMPORARILY,4.5,326,TRUE
ChIJoWSd8L3b5ogR0QQ4bDPOV5Y,Hidden treasures,29.2321941,-81.05439559999999,Social Business,cafe,point_of_interest; establishment,OPERATIONAL,3.5,6,NA
ChIJOY-8ZCbc5ogRpCvD6bwMB_w,"Community Public Dog Park at Halifax Humane Society, Inc.",29.2196088,-81.10707959999999,Park,park,park; point_of_interest; establishment,OPERATIONAL,4.6,198,NA
ChIJOysHh1Tc5ogR-wDbQ2zXE-g,Dunkin',29.2561236,-81.11709859999999,Social Business,cafe,meal_takeaway; cafe; bakery; restaurant; store; food; point_of_interest; establishment,OPERATIONAL,4.1,414,NA
ChIJoZI6xkjZ5ogRuOEC2SNCO1Y,Olive Garden Italian Restaurant,29.1938593,-81.06584579999999,Park,garden,meal_takeaway; bar; restaurant; point_of_interest; food; establishment,OPERATIONAL,4.4,3249,NA
ChIJoZI6xkjZ5ogRuOEC2SNCO1Y,Olive Garden Italian Restaurant,29.1938593,-81.06584579999999,Park,garden,meal_takeaway; bar; restaurant; food; point_of_interest; establishment,OPERATIONAL,4.4,3249,NA
ChIJoZI6xkjZ5ogRuOEC2SNCO1Y,Olive Garden Italian Restaurant,29.1938593,-81.06584579999999,Social Business,cafe,meal_takeaway; bar; restaurant; point_of_interest; food; establishment,OPERATIONAL,4.4,3249,NA
ChIJoZI6xkjZ5ogRuOEC2SNCO1Y,Olive Garden Italian Restaurant,29.1938593,-81.06584579999999,Social Business,cafe,meal_takeaway; bar; restaurant; food; point_of_interest; establishment,OPERATIONAL,4.4,3249,NA
ChIJP0JbAObb5ogRnUDaWvBAbmA,A Better Life Bookstore,29.2228141,-81.05879449999999,Social Business,bookstore,book_store; store; point_of_interest; establishment,OPERATIONAL,4.8,5,NA
ChIJP0JbAObb5ogRnUDaWvBAbmA,A Better Life Bookstore,29.2228141,-81.05879449999999,Social Business,bookstore,book_store; point_of_interest; store; establishment,OPERATIONAL,4.8,5,NA
ChIJp1ESec_Z5ogRz0wwI-RQZF8,South Daytona Christian Church,29.1688313,-81.0103754,Place of Worship,place of worship,church; place_of_worship; point_of_interest; establishment,OPERATIONAL,4.4,18,NA
ChIJp4zlru3b5ogRxlwTDfg2yYA,Community Church-God In Christ,29.2312916,-81.0622793,Place of Worship,place of worship,church; place_of_worship; point_of_interest; establishment,OPERATIONAL,3.5,2,NA
ChIJP6jeO2Db5ogR0F99nAC7B40,Derbyshire Place,29.2311801,-81.0644226,Community Space,community center,point_of_interest; establishment,OPERATIONAL,4.7,79,NA
ChIJp9ROKq7b5ogRN749Cq3CGpw,Union Congregational Church,29.2451126,-81.03901549999999,Place of Worship,place of worship,church; place_of_worship; point_of_interest; establishment,OPERATIONAL,5,5,NA
ChIJPekrwEXZ5ogR55kDQFoaNRE,Mr Dunderbak's,29.1978148,-81.06218559999999,Social Business,cafe,liquor_store; grocery_or_supermarket; bar; store; restaurant; food; point_of_interest; establishment,OPERATIONAL,4.6,791,NA
ChIJPekrwEXZ5ogR55kDQFoaNRE,Mr Dunderbak's,29.1978148,-81.06218559999999,Social Business,cafe,liquor_store; grocery_or_supermarket; bar; restaurant; store; point_of_interest; food; establishment,OPERATIONAL,4.6,791,NA
ChIJpeqA1NDZ5ogRwNnyHpBBrdU,MelFountainPhotography,29.2097738,-81.06940709999999,Park,fountain,point_of_interest; establishment,OPERATIONAL,5,17,NA
ChIJPRSDrFfc5ogRLdKVp0oAT3E,Sharps Discount Liquors,29.2558352,-81.1121052,Park,square,liquor_store; store; point_of_interest; establishment,OPERATIONAL,4.1,62,NA
ChIJpSdzurTb5ogRCwNNyQFh_Y4,Ross Point Picnic Area,29.2380781,-81.0319483,Park,park,park; point_of_interest; establishment,OPERATIONAL,4.6,175,NA
ChIJPWuz5yja5ogRFRhKFEmsePY,Masters Domain,29.193793200000002,-81.0176723,Place of Worship,place of worship,church; place_of_worship; point_of_interest; establishment,OPERATIONAL,4.6,27,NA
ChIJpx-NENjb5ogRFgCaqrHM4pE,Cypress Aquatic Center,29.2110468,-81.042686,Community Space,community center,point_of_interest; establishment,OPERATIONAL,4.5,160,NA
ChIJPx2949He5ogRHmuAmDY1Iaw,Krystal,29.1780733,-81.08190739999999,Social Business,cafe,meal_takeaway; restaurant; point_of_interest; food; establishment,OPERATIONAL,3.7,1857,NA
ChIJpX50ZnLc5ogRhtWGQDNGvDo,Robert Strickland Park,29.2384509,-81.0858136,Park,park,park; tourist_attraction; point_of_interest; establishment,OPERATIONAL,4.4,142,NA
ChIJPxEsxPvZ5ogR9FZeU9-95eI,Daytona Diner,29.1999568,-80.9946212,Social Business,cafe,restaurant; food; point_of_interest; establishment,OPERATIONAL,4.4,1001,NA
ChIJPz81Kr_b5ogRYNowGKoC_rw,Holly Square Condo,29.2364603,-81.0480369,Park,square,neighborhood; political,NA,NA,NA,NA
ChIJPzUfZbjf5ogRm2GPnv6ddUk,Cafe D'Amore,29.1655951,-81.0828348,Social Business,cafe,restaurant; point_of_interest; food; establishment,OPERATIONAL,4.4,9,NA
ChIJQ1vsOmvZ5ogREu7wijnvVBc,Embry–Riddle Aeronautical University,29.1899469,-81.047017,Community Space,library,university; point_of_interest; establishment,OPERATIONAL,4.5,363,NA
ChIJQ3jrwATZ5ogRCCTMnkeCfyc,Tropical Smoothie Cafe,29.1725957,-81.0407625,Social Business,cafe,restaurant; food; point_of_interest; establishment,OPERATIONAL,4,330,NA
ChIJQ3jrwATZ5ogRCCTMnkeCfyc,Tropical Smoothie Cafe,29.1725957,-81.0407625,Social Business,cafe,restaurant; point_of_interest; food; establishment,OPERATIONAL,4,330,NA
ChIJQ3jrwATZ5ogRHqT2fm-kTwk,Christian Internet Business,29.1724996,-81.0409086,Place of Worship,place of worship,church; place_of_worship; point_of_interest; establishment,OPERATIONAL,0,0,NA
ChIJq4srPz3a5ogR1Q_arPdxjEw,Gateway Restaurant,29.2208538,-81.01062770000001,Social Business,cafe,restaurant; food; point_of_interest; establishment,OPERATIONAL,4.2,324,NA
ChIJq4srPz3a5ogR1Q_arPdxjEw,Gateway Restaurant,29.2208538,-81.01062770000001,Social Business,cafe,restaurant; point_of_interest; food; establishment,OPERATIONAL,4.2,324,NA
ChIJq5hvBoTZ5ogRIShlHwOXOLs,Cathedral of Praise-Daytona Beach,29.20278,-81.0256229,Place of Worship,place of worship,place_of_worship; point_of_interest; establishment,OPERATIONAL,0,0,NA
ChIJq6AACpLb5ogR4KKiSrFBDUA,Sweet & Savory Junction,29.26411509999999,-81.05117949999999,Social Business,cafe,cafe; restaurant; point_of_interest; food; establishment,OPERATIONAL,5,30,NA
ChIJq6oaDdLb5ogRfO_V2ernn40,Pathways Community Development Corporation,29.2208977,-81.0356178,Community Space,community center,point_of_interest; establishment,CLOSED_TEMPORARILY,0,0,TRUE
ChIJq6paPSna5ogRLXP5_lpBF4k,Central Florida Community Development Corporation,29.21336459999999,-81.0238485,Community Space,community center,point_of_interest; establishment,OPERATIONAL,3,2,NA
ChIJq8wyy6Xd5ogRdV_SWUlabUs,Oliv Epicurean Grill,29.2245131,-81.09038389999999,Social Business,cafe,restaurant; food; point_of_interest; establishment,CLOSED_TEMPORARILY,0,0,TRUE
ChIJqcaEPD_a5ogROzQtnEwUXz0,Daytona Christian Church,29.2265624,-81.0573598,Place of Worship,place of worship,church; place_of_worship; point_of_interest; establishment,OPERATIONAL,4.7,9,NA
ChIJqceqFCnZ5ogRo7zz3o9SuqY,Seven Bubble Tea,29.1722975,-81.0409265,Social Business,cafe,cafe; point_of_interest; food; establishment,OPERATIONAL,4.7,149,NA
ChIJQdzS7dfb5ogRVShPz6_gM_k,Midtown Cultural & Educational Center,29.2115751,-81.0414571,Community Space,community center,point_of_interest; establishment,OPERATIONAL,4.6,116,NA
ChIJQTiCGX3Z5ogRY28_pzAvcD8,Westside Church of Christ,29.20797129999999,-81.04069489999999,Place of Worship,place of worship,church; place_of_worship; point_of_interest; establishment,OPERATIONAL,4.3,12,NA
ChIJqwZ6rH7Z5ogR6AIIJWp9WoY,Pasha Middle East Cafe,29.2045375,-81.0365308,Social Business,cafe,bakery; cafe; store; restaurant; food; point_of_interest; establishment,OPERATIONAL,4.3,605,NA
ChIJqwZ6rH7Z5ogR6AIIJWp9WoY,Pasha Middle East Cafe,29.2045375,-81.0365308,Social Business,cafe,cafe; bakery; store; restaurant; point_of_interest; food; establishment,OPERATIONAL,4.3,605,NA
ChIJqwZ6rH7Z5ogR6AIIJWp9WoY,Pasha Middle East Cafe,29.2045375,-81.0365308,Social Business,cafe,bakery; cafe; restaurant; food; point_of_interest; store; establishment,OPERATIONAL,4.3,605,NA
ChIJqX-R1tbZ5ogRrH6dMl5LJuE,Victory Church of God,29.2022339,-81.03205559999999,Place of Worship,place of worship,church; place_of_worship; point_of_interest; establishment,OPERATIONAL,0,0,NA
ChIJQx2vz2XZ5ogRF-9mw8ng7Rk,Daytona State College Bookstore - Daytona Beach,29.202762,-81.0493135,Social Business,bookstore,book_store; clothing_store; store; point_of_interest; establishment,OPERATIONAL,4.1,139,NA
ChIJQxtqHiba5ogRin0Sr9kMaYI,Community Partner For Children,29.2133872,-81.02013099999999,Community Space,community center,point_of_interest; establishment,OPERATIONAL,0,0,NA
ChIJqyLDE-Db5ogRvOqdJJZAvj0,Midtown Cafe,29.2135943,-81.0290936,Social Business,cafe,restaurant; food; point_of_interest; establishment,OPERATIONAL,4.6,10,NA
ChIJR0u6eKbZ5ogRsY6zavDD0PA,Daytona Gardens Apartments,29.1968153,-81.03504120000001,Park,garden,real_estate_agency; point_of_interest; establishment,OPERATIONAL,2.2,13,NA
ChIJr2-h0K_b5ogR-ZY4VQFv1dc,Holly Hill Solid Waste Billing,29.2450373,-81.0402208,Community Space,city hall,point_of_interest; establishment,OPERATIONAL,5,2,NA
ChIJr2-h0K_b5ogR79XK9uJ8WZQ,City of Holly Hill,29.2450906,-81.040261,Community Space,city hall,city_hall; local_government_office; point_of_interest; establishment,OPERATIONAL,4.1,16,NA
ChIJr2-h0K_b5ogRCgsmhucwnz8,Holly Hill Commission,29.2450373,-81.0402208,Community Space,city hall,local_government_office; point_of_interest; establishment,OPERATIONAL,0,0,NA
ChIJr2-h0K_b5ogRvOoE0YJqfHE,Holly Hill Municipal Building,29.2443257,-81.0402628,Community Space,city hall,point_of_interest; establishment,OPERATIONAL,4.6,9,NA
ChIJr3ctscXZ5ogRHWKvM11iydo,Riverfront Veterans Memorial Park,29.1754044,-81.00194549999999,Park,park,tourist_attraction; park; point_of_interest; establishment,OPERATIONAL,4.4,364,NA
ChIJR7fwb7rb5ogR3ekcst2UmGo,Centennial Park & Lake Hadley,29.2413248,-81.0430805,Park,park,point_of_interest; establishment,OPERATIONAL,4.2,6,NA
ChIJr93UPBfa5ogR8BGgi5Wfp3o,Daytona Beach Fountain Resort Ocean View Studio,29.2214852,-81.0048778,Park,fountain,lodging; point_of_interest; establishment,OPERATIONAL,0,0,NA
ChIJr93UPBfa5ogRnONvc8B7klk,Beautiful Beachfront Condo,29.2214852,-81.0048778,Park,fountain,point_of_interest; establishment,OPERATIONAL,0,0,NA
ChIJRd7kd9De5ogRbkBNZ6Zn52c,CHADS Center,29.1760171,-81.085555,Place of Worship,place of worship,church; place_of_worship; health; point_of_interest; establishment,OPERATIONAL,4.3,6,NA
ChIJRd7kd9De5ogRbkBNZ6Zn52c,CHADS Center,29.1760171,-81.085555,Place of Worship,place of worship,church; place_of_worship; point_of_interest; health; establishment,OPERATIONAL,4.3,6,NA
ChIJRd7kd9De5ogRKBj20Pc6Bqc,Southcoast Fellowship Inc,29.1759062,-81.0858348,Place of Worship,place of worship,church; place_of_worship; point_of_interest; establishment,OPERATIONAL,0,0,NA
ChIJRdoy4KXZ5ogRCKHHNOPdEuI,Twin Fountains,29.1758549,-81.0254341,Park,fountain,point_of_interest; establishment,OPERATIONAL,4.2,176,NA
ChIJRedNv_Lb5ogRoWcbsIjpfpQ,Daytona Beach Church of Christ,29.23374459999999,-81.0656686,Place of Worship,place of worship,church; place_of_worship; point_of_interest; establishment,OPERATIONAL,5,5,NA
ChIJrfyfGw_b5ogRM-8FTvigLnY,Riviera Park,29.264324,-81.044675,Park,park,park; tourist_attraction; point_of_interest; establishment,OPERATIONAL,4.6,415,NA
ChIJRTkHrbrb5ogRtlh4ioIvTAs,Holly Land Park,29.243923,-81.0411264,Park,park,park; tourist_attraction; point_of_interest; establishment,OPERATIONAL,4.1,167,NA
ChIJrXY2AnvX5ogRuERTVebhObg,City of Daytona Beach Shores City Hall,29.16919,-80.9792231,Community Space,city hall,city_hall; local_government_office; point_of_interest; establishment,OPERATIONAL,5,5,NA
ChIJrybSzprZ5ogR9I31Ra1toxA,Free Spirit Christian Center,29.1969261,-81.0219997,Place of Worship,place of worship,church; place_of_worship; point_of_interest; establishment,OPERATIONAL,0,0,NA
ChIJRywSkgfZ5ogRLqr6tCYrjK8,McDonald's,29.1734242,-81.03193189999999,Social Business,cafe,restaurant; cafe; food; point_of_interest; store; establishment,OPERATIONAL,3.2,1804,NA
ChIJRywSkgfZ5ogRLqr6tCYrjK8,McDonald's,29.1734242,-81.03193189999999,Social Business,cafe,cafe; store; restaurant; point_of_interest; food; establishment,OPERATIONAL,3.2,1804,NA
ChIJrZxvJ67b5ogR1MhE4czYC8s,Holly Heights Assembly of God Church,29.2447026,-81.0386666,Place of Worship,place of worship,church; place_of_worship; point_of_interest; establishment,OPERATIONAL,0,0,NA
ChIJs1zaD2rZ5ogR6932I7WxAwA,ERAU: Student Village Café,29.192879,-81.052725,Social Business,cafe,restaurant; food; point_of_interest; establishment,CLOSED_TEMPORARILY,3.2,55,TRUE
ChIJs1zaD2rZ5ogR6932I7WxAwA,ERAU: Student Village Café,29.192879,-81.052725,Social Business,cafe,restaurant; point_of_interest; food; establishment,CLOSED_TEMPORARILY,3.2,55,TRUE
ChIJS5mvynDZ5ogROoMffNiuZtY,HoneyBaked Ham Café At The Brown Museum,29.1965651,-81.03691189999999,Social Business,cafe,cafe; meal_takeaway; store; restaurant; food; point_of_interest; establishment,CLOSED_TEMPORARILY,0,0,TRUE
ChIJs78HgWvZ5ogRQw3wrm5aFUU,Chick-fil-A,29.1878198,-81.0494764,Social Business,cafe,restaurant; food; point_of_interest; establishment,OPERATIONAL,4.1,249,NA
ChIJs78HgWvZ5ogRSjxGmy2Kgt4,Jack R. Hunt Library,29.1878901,-81.0492933,Community Space,library,library; point_of_interest; establishment,OPERATIONAL,4.5,21,NA
ChIJSczDS0_a5ogRMsct7OiBrzM,Daytona Playhouse,29.2382331,-81.020915,Community Space,community center,point_of_interest; establishment,OPERATIONAL,4.6,196,NA
ChIJsR2MBGLZ5ogRkT21i1vNT1s,Tubman-King Community Church,29.2098056,-81.04803559999999,Place of Worship,place of worship,church; place_of_worship; point_of_interest; establishment,OPERATIONAL,4.3,12,NA
ChIJSxreEQ7Z5ogRUk4DyNOw3I4,Tres Leches Cafe,29.186951,-80.9889544,Social Business,cafe,restaurant; food; point_of_interest; establishment,OPERATIONAL,4.5,297,NA
ChIJSY53DrXZ5ogRNGiSzbQW13U,Pentecostals of Daytona,29.2018912,-81.042734,Place of Worship,place of worship,church; place_of_worship; point_of_interest; establishment,OPERATIONAL,5,15,NA
ChIJsyeFVY_d5ogRuGd3Yn6j1z4,Walmart Patio & Garden Services,29.258744,-81.11500199999999,Park,garden,general_contractor; point_of_interest; establishment,OPERATIONAL,0,0,NA
ChIJt30dCGHX5ogRl1AlPXl_opM,Frank Rendon Park,29.179972,-80.984123,Park,park,park; tourist_attraction; point_of_interest; establishment,OPERATIONAL,4.7,1437,NA
ChIJT4gk8Sra5ogRwwzB1BTNWDo,Unity Church of Daytona Beach,29.2411668,-81.03952679999999,Place of Worship,place of worship,church; place_of_worship; point_of_interest; establishment,OPERATIONAL,4.7,20,NA
ChIJT7d1Qt_Z5ogRL90giAAGA7o,Beach House Church,29.178886,-80.9875775,Place of Worship,place of worship,church; place_of_worship; point_of_interest; establishment,OPERATIONAL,4.9,12,NA
ChIJt9iK2_Lb5ogRlve_ei3hcQ0,New Heart Christian Center,29.23439729999999,-81.06686789999999,Place of Worship,place of worship,church; place_of_worship; point_of_interest; establishment,OPERATIONAL,4.9,10,NA
ChIJT9ZPmHnZ5ogRZ4PY9fLo36Q,"Word And Praise Family Church, Inc",29.1794333,-81.0202797,Place of Worship,place of worship,church; place_of_worship; point_of_interest; establishment,OPERATIONAL,5,3,NA
ChIJTbCWZIDZ5ogRv13ibDbRgFo,Riverside Presbyterian Church,29.2086326,-81.0289044,Place of Worship,place of worship,church; place_of_worship; point_of_interest; establishment,OPERATIONAL,0,0,NA
ChIJtbd2DR_b5ogRR76XG4nDkPk,Ormond Shores Park,29.2773574,-81.03469059999999,Park,park,park; point_of_interest; establishment,OPERATIONAL,4.8,4,NA
ChIJtbrSC6jZ5ogR71SNZTbqjrQ,Crosswalk Church,29.180912,-81.0301745,Place of Worship,place of worship,church; place_of_worship; point_of_interest; establishment,OPERATIONAL,5,7,NA
ChIJTcc6wPLc5ogRRcpam-ul0yI,Tomoka Christian Church - Ormond Beach Campus,29.2608333,-81.0888889,Place of Worship,place of worship,church; place_of_worship; point_of_interest; establishment,OPERATIONAL,4.8,353,NA
ChIJTfHV867Z5ogR6Luulx1cM2E,Daytona Christian Center,29.1707,-81.0231323,Place of Worship,place of worship,church; place_of_worship; point_of_interest; establishment,OPERATIONAL,4.7,6,NA
ChIJtfyEAffc5ogRuaE5-Yjb034,Panera Bread,29.2633837,-81.10571159999999,Social Business,cafe,cafe; meal_takeaway; bakery; restaurant; store; food; point_of_interest; establishment,OPERATIONAL,4.1,767,NA
ChIJTS7rBrbb5ogRQsSVbgsWKWI,David Temple of Deliverance,29.2333594,-81.0366379,Place of Worship,place of worship,church; place_of_worship; point_of_interest; establishment,OPERATIONAL,5,1,NA
ChIJTx7DJCba5ogRVmSbzOLliIQ,Kale Cafe Juice Bar & Vegan Cuisine,29.212619,-81.01972479999999,Social Business,cafe,restaurant; food; point_of_interest; establishment,OPERATIONAL,4.6,673,NA
ChIJTxbr3qjZ5ogRW_qE5QFx0AM,Monkey Morning Cafe,29.1714172,-81.0268657,Social Business,cafe,restaurant; food; point_of_interest; establishment,OPERATIONAL,4.7,799,NA
ChIJTxbr3qjZ5ogRW_qE5QFx0AM,Monkey Morning Cafe,29.1714172,-81.0268657,Social Business,cafe,restaurant; point_of_interest; food; establishment,OPERATIONAL,4.7,799,NA
ChIJU_HV867Z5ogRbrQw5oKIx9A,Jesus People Covenant Min,29.1705735,-81.0235488,Place of Worship,place of worship,church; place_of_worship; point_of_interest; establishment,OPERATIONAL,4.5,2,NA
ChIJu_rHzkDa5ogRldlouTxMpFA,Seabreeze United Church,29.2333482,-81.01433000000002,Place of Worship,place of worship,church; place_of_worship; point_of_interest; establishment,OPERATIONAL,4.8,35,NA
ChIJu_tDUIrc5ogRNk5MUjIJrDk,"Tri-Square Realty, Inc : Patrick Opalewski",29.2624896,-81.0941769,Park,square,point_of_interest; establishment,OPERATIONAL,0,0,NA
ChIJu4Wsk4TZ5ogRI2vlOx5HLVQ,Shiloh Misssionary Baptist Church,29.1993517,-81.0238437,Place of Worship,place of worship,church; place_of_worship; point_of_interest; establishment,OPERATIONAL,4.5,12,NA
ChIJU5KjfInb5ogRPZlaQN6p6a0,Daytona Outreach Center,29.2214848,-81.0302446,Community Space,community center,point_of_interest; establishment,OPERATIONAL,5,3,NA
ChIJu7EwCl3Z5ogRFQkx3yPC5lI,Daytona Beach Boys & Girls Club,29.2035177,-81.0261646,Community Space,community center,point_of_interest; establishment,OPERATIONAL,5,3,NA
ChIJU7Hp4zLa5ogR8JNGIuqxX3s,Banned Bookstore,29.2237025,-81.0293947,Social Business,bookstore,book_store; movie_rental; clothing_store; store; point_of_interest; establishment,OPERATIONAL,4.3,12,NA
ChIJU7Hp4zLa5ogR8JNGIuqxX3s,Banned Bookstore,29.2237025,-81.0293947,Social Business,bookstore,movie_rental; book_store; point_of_interest; clothing_store; store; establishment,OPERATIONAL,4.3,12,NA
ChIJUa3RAGHb5ogR-hZkXHguycQ,Arepita Beach,29.2136306,-81.02026359999999,Social Business,cafe,cafe; restaurant; food; point_of_interest; store; establishment,OPERATIONAL,4.6,260,NA
ChIJUaLwJSra5ogRzdpsRme92s4,Christian Heritage Pentecostal Holiness Church,29.21137019999999,-81.0261665,Place of Worship,place of worship,church; place_of_worship; point_of_interest; establishment,OPERATIONAL,0,0,NA
ChIJud6ohNXb5ogRrAo6802Ba-E,Kinfolks Cafe,29.21041469999999,-81.0343985,Social Business,cafe,restaurant; food; point_of_interest; establishment,OPERATIONAL,4.3,394,NA
ChIJudawnHvZ5ogR2_XHV4TTRvE,Krispy Kreme,29.2038179,-81.0396605,Social Business,cafe,bakery; cafe; restaurant; store; point_of_interest; food; establishment,OPERATIONAL,4.6,3861,NA
ChIJudawnHvZ5ogR2_XHV4TTRvE,Krispy Kreme,29.2038179,-81.0396605,Social Business,cafe,bakery; cafe; store; restaurant; food; point_of_interest; establishment,OPERATIONAL,4.6,3861,NA
ChIJudawnHvZ5ogR2_XHV4TTRvE,Krispy Kreme,29.2038179,-81.0396605,Social Business,cafe,cafe; bakery; store; restaurant; point_of_interest; food; establishment,OPERATIONAL,4.6,3861,NA
ChIJudawnHvZ5ogR2_XHV4TTRvE,Krispy Kreme,29.2038179,-81.0396605,Social Business,cafe,bakery; cafe; restaurant; food; point_of_interest; store; establishment,OPERATIONAL,4.6,3861,NA
ChIJUdLliBrZ5ogR_8Pb58MNE8k,Henry Lee Park,29.193323,-81.02347100000001,Park,park,park; point_of_interest; establishment,OPERATIONAL,3.9,18,NA
ChIJuUf0VaTd5ogRcYhQQeSIyas,Coquina Presbyterian Church,29.2536474,-81.13389579999999,Place of Worship,place of worship,church; place_of_worship; point_of_interest; establishment,OPERATIONAL,4,6,NA
ChIJuwSVrsrb5ogR25ZM5jPYwqY,Christian and Missionary Alliance Church,29.2322029,-81.031722,Place of Worship,place of worship,church; place_of_worship; point_of_interest; establishment,OPERATIONAL,5,1,NA
ChIJUXK-wkjZ5ogRMackKgqncmw,Cheddar's Scratch Kitchen,29.1944179,-81.0653141,Social Business,cafe,meal_takeaway; restaurant; food; point_of_interest; establishment,OPERATIONAL,4.3,3373,NA
ChIJuxprF0bZ5ogRdmjc-E6OjIo,Green Turtle Kava Bar - Daytona Beach,29.1703736,-81.041563300000007,Social Business,cafe,cafe; food; point_of_interest; establishment,OPERATIONAL,4.8,41,NA
ChIJuxprF0bZ5ogRdmjc-E6OjIo,Green Turtle Kava Bar - Daytona Beach,29.1703736,-81.041563300000007,Social Business,cafe,cafe; point_of_interest; food; establishment,OPERATIONAL,4.8,41,NA
ChIJuXYihfnY5ogRjFwsmC7Uo4Y,Victorious Life Church,29.1546772,-81.035977,Place of Worship,place of worship,church; place_of_worship; point_of_interest; establishment,OPERATIONAL,4.7,6,NA
ChIJUZVqV9zf5ogRQ2pR9970gSw,Prism Roastery,29.2062492,-81.08559989999999,Social Business,cafe,cafe; food; point_of_interest; store; establishment,OPERATIONAL,5,18,NA
ChIJUZVqV9zf5ogRQ2pR9970gSw,Prism Roastery,29.2062492,-81.08559989999999,Social Business,cafe,cafe; store; food; point_of_interest; establishment,OPERATIONAL,5,18,NA
ChIJv_mGP1LZ5ogRa-B91Hqm3TM,Little Free Library,29.1668924,-81.0112823,Community Space,library,library; point_of_interest; establishment,OPERATIONAL,0,0,NA
ChIJV-ON6mXb5ogR_b96mvgzDhM,Tropical Winds Cafe,29.249182,-81.01831159999999,Social Business,cafe,restaurant; food; point_of_interest; establishment,OPERATIONAL,5,8,NA
ChIJv-QigGPZ5ogRG5kNoYTYTc8,Outreach Center,29.204847,-81.045139,Community Space,community center,point_of_interest; university; establishment,OPERATIONAL,1,1,NA
ChIJv-QigGPZ5ogRG5kNoYTYTc8,Outreach Center,29.204847,-81.045139,Community Space,community center,university; point_of_interest; establishment,OPERATIONAL,1,1,NA
ChIJv-QigGPZ5ogRqcmXIy-YzUY,Outreach Community Care Network,29.2049032,-81.0450532,Community Space,community center,point_of_interest; establishment,OPERATIONAL,4.3,22,NA
ChIJv42d73rZ5ogR-NagBOK5mhs,Tuscawilla Park,29.1998394,-81.04008309999999,Park,park,park; tourist_attraction; point_of_interest; establishment,OPERATIONAL,4.2,413,NA
ChIJV50g8XDZ5ogR1K287pqmqIE,Dough Bros,29.1658158,-81.0044995,Social Business,cafe,restaurant; food; point_of_interest; establishment,OPERATIONAL,5,1,NA
ChIJV5JGlHnX5ogRPjjqz8NahKQ,Lula M. McElroy Park,29.1656945,-80.9794326,Park,park,park; point_of_interest; establishment,OPERATIONAL,4.8,166,NA
ChIJV9SE5_Tb5ogRT9Zn0OmhaDs,Fountainhead at Holly Hill,29.2424898,-81.05048409999999,Park,fountain,point_of_interest; establishment,OPERATIONAL,0,0,NA
ChIJvdkQ-dHZ5ogR6n7e1isVw3A,Palmetto Square Apartments,29.1825586,-81.0065176,Park,square,point_of_interest; establishment,OPERATIONAL,0,0,NA
ChIJvdWtS9DZ5ogRFcl5fcuZXdI,Walmart Patio & Garden Services,29.17252,-81.02998,Park,garden,general_contractor; point_of_interest; establishment,OPERATIONAL,0,0,NA
ChIJVfAT-vbY5ogR4I2Yah3ItIo,Dunkin',29.1491399,-81.03457999999999,Social Business,cafe,bakery; meal_takeaway; cafe; store; restaurant; food; point_of_interest; establishment,OPERATIONAL,3.7,418,NA
ChIJVfAT-vbY5ogR4I2Yah3ItIo,Dunkin',29.1491399,-81.03457999999999,Social Business,cafe,meal_takeaway; bakery; restaurant; cafe; food; point_of_interest; store; establishment,OPERATIONAL,3.7,418,NA
ChIJvfks_DHa5ogRh-tirQEJ2l4,Central Baptist Church,29.2207732,-81.0256469,Place of Worship,place of worship,church; place_of_worship; point_of_interest; establishment,OPERATIONAL,4.6,56,NA
ChIJvQVXeVfc5ogRTkxUtFk8hWk,Bealls,29.2578111,-81.10874679999999,Park,square,department_store; home_goods_store; shoe_store; clothing_store; store; point_of_interest; establishment,OPERATIONAL,4.3,533,NA
ChIJvRtDExPb5ogR9Z0gJRpD8bc,Thee Garden,29.2097903,-81.018349,Place of Worship,place of worship,church; place_of_worship; point_of_interest; establishment,OPERATIONAL,0,0,NA
ChIJvRtDExPb5ogR9Z0gJRpD8bc,Thee Garden,29.2097903,-81.018349,Park,garden,church; place_of_worship; point_of_interest; establishment,OPERATIONAL,0,0,NA
ChIJvS8irM3b5ogRcaABtcwOJ0k,Community United Methodist Church,29.2243157,-81.0089466,Place of Worship,place of worship,church; place_of_worship; point_of_interest; establishment,OPERATIONAL,4.7,99,NA
ChIJVUCaoLHZ5ogRlUKEm_OFqKs,Daytona State College Academic Support Center,29.2012313,-81.0506126,Community Space,library,university; point_of_interest; establishment,OPERATIONAL,0,0,NA
ChIJVVVVVXDZ5ogRY42g6El9Owg,Daytona Beach Leisure Services Department,29.2105724,-81.0417705,Community Space,city hall,local_government_office; point_of_interest; establishment,OPERATIONAL,0,0,NA
ChIJVVVZ8HzX5ogRhBYOJWE0qoc,The Visible Cross,29.1694831,-80.9834954,Place of Worship,place of worship,church; place_of_worship; point_of_interest; establishment,OPERATIONAL,0,0,NA
ChIJVVXps9Xb5ogRmcfjliwEtE4,Powerhouse Ministry,29.2124336,-81.03499860000001,Place of Worship,place of worship,church; place_of_worship; point_of_interest; establishment,OPERATIONAL,4.1,8,NA
ChIJvW7BULHb5ogRVcVKI-zGh2c,Fountain Inn & Suites,29.23955,-81.0370861,Park,fountain,lodging; point_of_interest; establishment,OPERATIONAL,3,126,NA
ChIJW1Dg7Jbb5ogRKOkLV9DTbZg,Bishops Glen Retirement Center,29.2419362,-81.05718089999999,Community Space,community center,university; health; point_of_interest; establishment,OPERATIONAL,4.3,24,NA
ChIJW1Dg7Jbb5ogRKOkLV9DTbZg,Bishops Glen Retirement Center,29.2419362,-81.05718089999999,Community Space,community center,university; point_of_interest; health; establishment,OPERATIONAL,4.3,24,NA
ChIJw4DIVGXZ5ogRHXS8I801wME,Gloria Jean's Coffees Volusia Mall,29.1966723,-81.0647721,Social Business,cafe,cafe; store; food; point_of_interest; establishment,OPERATIONAL,4.2,69,NA
ChIJw4DIVGXZ5ogRHXS8I801wME,Gloria Jean's Coffees Volusia Mall,29.1966723,-81.0647721,Social Business,cafe,cafe; store; point_of_interest; food; establishment,OPERATIONAL,4.2,69,NA
ChIJw4Y-NMfZ5ogRX73I27K55pI,White Chapel Church of God,29.180007,-81.0069493,Place of Worship,place of worship,tourist_attraction; church; place_of_worship; point_of_interest; establishment,OPERATIONAL,4,24,NA
ChIJW6X6KEbZ5ogRQPZntNg52Q0,Vision one,29.15335889999999,-81.01905599999999,Community Space,community center,point_of_interest; establishment,OPERATIONAL,5,1,NA
ChIJwa65W7HZ5ogR9tCF_U8k6V4,Cypress Park,29.2102514,-81.0421726,Park,park,park; point_of_interest; establishment,OPERATIONAL,0,0,NA
ChIJWfmBNcvb5ogRpbQEA9oFSrs,McDonald's,29.228303,-81.031528,Social Business,cafe,cafe; store; restaurant; point_of_interest; food; establishment,OPERATIONAL,3.4,2868,NA
ChIJwfPfk_TY5ogR1F0eI3xWLZk,McDonald's,29.142553500000002,-81.0358289,Social Business,cafe,cafe; store; restaurant; food; point_of_interest; establishment,OPERATIONAL,3.9,1366,NA
ChIJWQUEQZrf5ogRQZirzDKsnXA,Landscaping by Butchers Nursery & Garden Center,29.139149,-81.128937,Park,garden,general_contractor; store; point_of_interest; establishment,OPERATIONAL,4.4,156,NA
ChIJwTPyMMze5ogRpwGwdiyCwPg,Chick-fil-A,29.18162659999999,-81.0800689,Social Business,cafe,restaurant; point_of_interest; food; establishment,OPERATIONAL,4.5,3634,NA
ChIJwU0xj1bf5ogRv7fyonpS4t0,Duck Donuts,29.2186436,-81.09729399999999,Social Business,cafe,cafe; bakery; food; store; point_of_interest; establishment,OPERATIONAL,4.6,318,NA
ChIJwUzNC6jZ5ogRnsXRxltLMhk,Living Stones Church,29.175199,-81.0293799,Place of Worship,place of worship,church; place_of_worship; point_of_interest; establishment,OPERATIONAL,0,0,NA
ChIJwW0MTp7f5ogRiLoxjL9YRfo,New Church Family,29.143164,-81.121605,Place of Worship,place of worship,church; place_of_worship; point_of_interest; establishment,OPERATIONAL,4.6,14,NA
ChIJwwjHfT3b5ogRnGEoUw4rL4w,Harvest ministries Church of God in Christ,29.2177822,-81.06055649999999,Place of Worship,place of worship,church; place_of_worship; point_of_interest; establishment,OPERATIONAL,0,0,NA
ChIJwwp85mnb5ogRMoXRJVDaI6E,Stock Brew,29.2232946,-81.00618999999999,Social Business,cafe,cafe; bar; food; point_of_interest; store; establishment,OPERATIONAL,4.8,88,NA
ChIJWxe4aE_Z5ogR11lW1VX5CqQ,Volusia Mall Play Area,29.1963169,-81.06519829999999,Park,park,park; tourist_attraction; point_of_interest; establishment,OPERATIONAL,4.5,4,NA
ChIJwykUU8_Z5ogRG5MNDg140JE,Donnie's Donuts,29.19419169999999,-81.0720061,Social Business,cafe,cafe; bakery; store; point_of_interest; food; establishment,OPERATIONAL,4.6,32,NA
ChIJwykUU8_Z5ogRG5MNDg140JE,Donnie's Donuts,29.19419169999999,-81.0720061,Social Business,cafe,cafe; bakery; store; food; point_of_interest; establishment,OPERATIONAL,4.6,32,NA
ChIJWzacjyza5ogR3LoV3J0SNQA,Free Will Holiness Church,29.2159742,-81.0290777,Place of Worship,place of worship,church; place_of_worship; point_of_interest; establishment,OPERATIONAL,4.7,7,NA
ChIJWzTCQafb5ogRMRFHHWOxOYU,Java Junction Donut & Coffee,29.2555687,-81.0464022,Social Business,cafe,bakery; store; point_of_interest; food; establishment,OPERATIONAL,4.7,382,NA
ChIJX-fblvzb5ogRvKFeSOTBOgA,Cedar Highlands Park,29.216755,-81.066092,Park,park,park; tourist_attraction; point_of_interest; establishment,OPERATIONAL,3.9,34,NA
ChIJX1QpcPjd5ogRhg5E2eYyFas,Latitude Margaritaville Town Square Bandshell,29.2212764,-81.126002,Park,square,point_of_interest; establishment,OPERATIONAL,5,1,NA
ChIJX3-FWKTZ5ogRy2xaB3CLvrU,Church of Christ,29.17835669999999,-81.02316429999999,Place of Worship,place of worship,church; place_of_worship; point_of_interest; establishment,OPERATIONAL,5,20,NA
ChIJx5A9UVHc5ogR0HPUNQDyMsY,Applebee's Grill + Bar,29.2549451,-81.1137033,Social Business,cafe,restaurant; bar; food; point_of_interest; establishment,OPERATIONAL,3.9,1342,NA
ChIJX920Ar_Z5ogRVn0lbVGxCdo,C's Waffles South Daytona,29.181798,-81.0118486,Social Business,cafe,restaurant; food; point_of_interest; establishment,OPERATIONAL,4.6,839,NA
ChIJX9oqRzLf5ogRa72pxPgNq0I,INTERNATIONAL SPEEDWAY SQUARE,29.1792295,-81.0828847,Park,square,shopping_mall; point_of_interest; establishment,OPERATIONAL,4.5,317,NA
ChIJxao-crbe5ogRKdd9-dodBds,Christ Community Church,29.1915342,-81.0818896,Place of Worship,place of worship,church; place_of_worship; point_of_interest; establishment,OPERATIONAL,4.7,32,NA
ChIJxao-crbe5ogRsNTJ7Zjy-Vo,MOSAIC (Mothers of Small and Infant Children),29.191627,-81.08156699999999,Place of Worship,place of worship,church; place_of_worship; point_of_interest; establishment,OPERATIONAL,0,0,NA
ChIJXdwI04Hc5ogRBifn9r688aY,Bamboo Garden Restaurant,29.2617263,-81.0752792,Park,garden,restaurant; food; point_of_interest; establishment,OPERATIONAL,4.4,355,NA
ChIJXSjs0GPZ5ogRysWoTkfD99w,Cooksvin Deland,29.1274931,-81.0346333,Social Business,cafe,restaurant; food; point_of_interest; establishment,OPERATIONAL,0,0,NA
ChIJxSzDXlzb5ogRdLdf5NMjHio,Suburbia Playground,29.2124381,-81.05859339999999,Park,park,park; point_of_interest; establishment,OPERATIONAL,4.5,17,NA
ChIJXVp82NbZ5ogR7Ys6dz9Mtro,Halifax Habor Park,29.2071158,-81.0123552,Park,park,park; point_of_interest; establishment,OPERATIONAL,5,1,NA
ChIJxy27qbzb5ogRiKh0B56farQ,Daisy Stocking Park,29.2122769,-81.02911759999999,Park,park,park; point_of_interest; establishment,OPERATIONAL,5,2,NA
ChIJY20vhKfZ5ogRrsURcziLrtI,Ridgecrest Park,29.1773527,-81.030924099999993,Park,park,park; point_of_interest; establishment,OPERATIONAL,0,0,NA
ChIJY66Nndbb5ogRDa1j3OCu5Gg,Garden St. & George Engram IB,29.213814,-81.036855,Park,garden,transit_station; point_of_interest; establishment,OPERATIONAL,0,0,NA
ChIJY6Fv5ijb5ogRkpntJNdDzQs,Health Tree Cafe,29.2298862,-81.0102051,Social Business,cafe,restaurant; food; point_of_interest; establishment,OPERATIONAL,4.5,400,NA
ChIJy6qrIgTZ5ogR9vlg9f2gnbM,The Word Church,29.1709049,-81.037347,Place of Worship,place of worship,church; place_of_worship; point_of_interest; establishment,OPERATIONAL,0,0,NA
ChIJy6tj77XZ5ogRg8UqgzNrx7s,Melodie Park,29.167074,-81.01012399999999,Park,park,tourist_attraction; park; point_of_interest; establishment,OPERATIONAL,4.5,18,NA
ChIJY9usOq7b5ogR3UVn2au2AjA,Holly Hill Recreation Department,29.2443306,-81.0395996,Park,park,park; point_of_interest; establishment,OPERATIONAL,4.2,5,NA
ChIJYQ5Oy3fZ5ogRS76u6hEI1dc,Shangri la park,29.16911099999999,-81.0374502,Park,park,park; point_of_interest; establishment,OPERATIONAL,4.4,8,NA
ChIJySOQN5PZ5ogRZohsvfQqdQk,Victory Cathedral Inc.,29.2044664,-81.04062689999999,Place of Worship,place of worship,church; place_of_worship; point_of_interest; establishment,OPERATIONAL,0,0,NA
ChIJyUR8T8zZ5ogR238m8_rror4,Ministerio Apostolico Avance Misionero,29.2442281,-81.0469537,Place of Worship,place of worship,church; place_of_worship; point_of_interest; establishment,OPERATIONAL,4.8,9,NA
ChIJYykgTnfZ5ogRfojX7kSQUO0,First Watch,29.1929208,-81.068561,Social Business,cafe,restaurant; point_of_interest; food; establishment,OPERATIONAL,4.4,878,NA
ChIJYykgTnfZ5ogRfojX7kSQUO0,First Watch,29.1929208,-81.068561,Social Business,cafe,restaurant; food; point_of_interest; establishment,OPERATIONAL,4.4,878,NA
ChIJZ0TeZYTZ5ogRiQQt9bZ4eL4,Bysy Bee Cafe,29.2011315,-81.0247229,Social Business,cafe,restaurant; food; point_of_interest; establishment,OPERATIONAL,4,4,NA
ChIJz8dDqSHb5ogR5w9dahKaP44,The Pier House,29.22245819999999,-81.0052311,Social Business,cafe,restaurant; food; point_of_interest; establishment,OPERATIONAL,5,3,NA
ChIJz9E7tCDa5ogR-ioU6dCu8_g,Breakers Oceanfront Park,29.2264931,-81.0069621,Park,park,park; tourist_attraction; point_of_interest; establishment,OPERATIONAL,4.4,885,NA
ChIJz9E7tCDa5ogRVV23bvhaUe0,City Island Park - City of Daytona Beach,29.2121963,-81.01631239999999,Community Space,community center,park; tourist_attraction; point_of_interest; establishment,OPERATIONAL,4,98,NA
ChIJz9E7tCDa5ogRVV23bvhaUe0,City Island Park - City of Daytona Beach,29.2121963,-81.01631239999999,Community Space,city hall,park; tourist_attraction; point_of_interest; establishment,OPERATIONAL,4,98,NA
ChIJz9E7tCDa5ogRVV23bvhaUe0,City Island Park - City of Daytona Beach,29.2121963,-81.01631239999999,Park,park,park; tourist_attraction; point_of_interest; establishment,OPERATIONAL,4,98,NA
ChIJz9U6vOvf5ogR9NLFxUoqqFE,Library Support Center (administration),29.1437078,-81.14607339999999,Community Space,library,library; point_of_interest; establishment,OPERATIONAL,5,2,NA
ChIJZa8rx1bc5ogRYOvHbONLQvU,Wendy's,29.2563345,-81.1125606,Social Business,cafe,restaurant; food; point_of_interest; establishment,OPERATIONAL,3.5,795,NA
ChIJZdgjB6zZ5ogRvm-AFlRSQOI,Cherry Hill - Ice Cream Cafe - Daytona Beach Shores,29.1836687,-80.9871186,Social Business,cafe,cafe; food; point_of_interest; store; establishment,OPERATIONAL,4.9,287,NA
ChIJzSM3CdLb5ogR6oHDvIn-cro,White Chapel Church of God,29.2209154,-81.0355752,Place of Worship,place of worship,church; place_of_worship; point_of_interest; establishment,OPERATIONAL,4.5,2,NA
ChIJzUKius3e5ogR1tiKmsVw0iA,Volusia Square,29.1799647,-81.0785702,Park,square,neighborhood; political,NA,NA,NA,NA
ChIJzUzqktHe5ogRIzjXwxMlTaQ,Waffle House,29.1768397,-81.0813476,Social Business,cafe,meal_takeaway; restaurant; point_of_interest; food; establishment,OPERATIONAL,4.1,1436,NA
ChIJZVwCjVbc5ogRAet1fS0cviQ,Ormond Towne Square Williamson Ob,29.255442,-81.112976,Park,square,transit_station; point_of_interest; establishment,OPERATIONAL,0,0,NA
ChIJZVwCjVbc5ogRFhyDhpFZFHU,Williamson Ormond Towne Square Ob,29.257438,-81.11305999999999,Park,square,transit_station; point_of_interest; establishment,OPERATIONAL,0,0,NA
ChIJzyOMqEzX5ogRGlj9U0FwPq4,Shores Community Center Tennis Courts,29.1678862,-80.97984520000001,Community Space,community center,point_of_interest; establishment,OPERATIONAL,4.5,2,NA
ChIJzzt77BXa5ogRQXpvOZS0Des,Cruisin Cafe,29.2264333,-81.00838159999999,Social Business,cafe,cafe; night_club; bar; restaurant; food; point_of_interest; establishment,OPERATIONAL,3.9,1662,NA
